/*
 Navicat Premium Data Transfer

 Source Server         : XAMPP
 Source Server Type    : MySQL
 Source Server Version : 100128
 Source Host           : localhost:3306
 Source Schema         : sip_ijop

 Target Server Type    : MySQL
 Target Server Version : 100128
 File Encoding         : 65001

 Date: 08/04/2020 03:40:10
*/

SET NAMES utf8mb4;
SET FOREIGN_KEY_CHECKS = 0;

-- ----------------------------
-- Table structure for ci_sessions
-- ----------------------------
DROP TABLE IF EXISTS `ci_sessions`;
CREATE TABLE `ci_sessions`  (
  `id` varchar(128) CHARACTER SET utf8 COLLATE utf8_general_ci NOT NULL,
  `ip_address` varchar(45) CHARACTER SET utf8 COLLATE utf8_general_ci NOT NULL,
  `timestamp` int(10) UNSIGNED NOT NULL DEFAULT 0,
  `data` blob NOT NULL,
  INDEX `ci_sessions_timestamp`(`timestamp`) USING BTREE
) ENGINE = InnoDB CHARACTER SET = utf8 COLLATE = utf8_general_ci ROW_FORMAT = Compact;

-- ----------------------------
-- Records of ci_sessions
-- ----------------------------
INSERT INTO `ci_sessions` VALUES ('lu7h6pmr2nnk8q46m9gjg1lgo9n52rqs', '::1', 1585334652, 0x5F5F63695F6C6173745F726567656E65726174657C693A313538353333343238333B69645F757365727C733A313A2231223B6E616D617C733A373A224D2E20546F6861223B6C6576656C7C733A313A2231223B656D61696C7C733A32323A22746F68616B6570726962656E40676D61696C2E636F6D223B68707C733A31323A22303839363730353831393234223B);
INSERT INTO `ci_sessions` VALUES ('flnkkl6ibalseekdd1p07184vj43u2qk', '::1', 1585334662, 0x5F5F63695F6C6173745F726567656E65726174657C693A313538353333343636313B69645F757365727C733A313A2231223B6E616D617C733A373A224D2E20546F6861223B6C6576656C7C733A313A2231223B656D61696C7C733A32323A22746F68616B6570726962656E40676D61696C2E636F6D223B68707C733A31323A22303839363730353831393234223B);
INSERT INTO `ci_sessions` VALUES ('c63961li8gba3tj9kap828hv6vk24l7s', '::1', 1585334877, 0x5F5F63695F6C6173745F726567656E65726174657C693A313538353333343834323B69645F757365727C733A313A2237223B6E616D617C733A343A22416D6972223B6C6576656C7C733A313A2232223B656D61696C7C733A31343A22616D697240676D61696C2E636F6D223B68707C733A31313A223031323334353637383930223B);
INSERT INTO `ci_sessions` VALUES ('ecacqf923h3ntdicjrt7dl3701vjq8f9', '::1', 1585335447, 0x5F5F63695F6C6173745F726567656E65726174657C693A313538353333353434373B69645F757365727C733A313A2231223B6E616D617C733A373A224D2E20546F6861223B6C6576656C7C733A313A2231223B656D61696C7C733A32323A22746F68616B6570726962656E40676D61696C2E636F6D223B68707C733A31323A22303839363730353831393234223B);
INSERT INTO `ci_sessions` VALUES ('c6hc1cmfg3tb956vgku91iegtakg6mbn', '::1', 1585335655, 0x5F5F63695F6C6173745F726567656E65726174657C693A313538353333353435393B69645F757365727C733A313A2237223B6E616D617C733A343A22416D6972223B6C6576656C7C733A313A2232223B656D61696C7C733A31343A22616D697240676D61696C2E636F6D223B68707C733A31313A223031323334353637383930223B);
INSERT INTO `ci_sessions` VALUES ('ut3lt2rivnf06j2d556uu24sep5qo5g6', '::1', 1585335983, 0x5F5F63695F6C6173745F726567656E65726174657C693A313538353333353737323B69645F757365727C733A313A2237223B6E616D617C733A343A22416D6972223B6C6576656C7C733A313A2232223B656D61696C7C733A31343A22616D697240676D61696C2E636F6D223B68707C733A31313A223031323334353637383930223B);
INSERT INTO `ci_sessions` VALUES ('ao3osblh81eeaecukm1etrhdgpr9m6k2', '::1', 1585337099, 0x5F5F63695F6C6173745F726567656E65726174657C693A313538353333363134333B69645F757365727C733A313A2237223B6E616D617C733A343A22416D6972223B6C6576656C7C733A313A2232223B656D61696C7C733A31343A22616D697240676D61696C2E636F6D223B68707C733A31313A223031323334353637383930223B);
INSERT INTO `ci_sessions` VALUES ('ucighr8ddniqlql8n2v8nk8818jt6f7g', '::1', 1585337691, 0x5F5F63695F6C6173745F726567656E65726174657C693A313538353333373130323B69645F757365727C733A313A2237223B6E616D617C733A343A22416D6972223B6C6576656C7C733A313A2232223B656D61696C7C733A31343A22616D697240676D61696C2E636F6D223B68707C733A31313A223031323334353637383930223B);
INSERT INTO `ci_sessions` VALUES ('ej00vdp17esp81defhhtsbhs99qv53ap', '::1', 1585337585, 0x5F5F63695F6C6173745F726567656E65726174657C693A313538353333373530363B69645F757365727C733A313A2231223B6E616D617C733A373A224D2E20546F6861223B6C6576656C7C733A313A2231223B656D61696C7C733A32323A22746F68616B6570726962656E40676D61696C2E636F6D223B68707C733A31323A22303839363730353831393234223B);
INSERT INTO `ci_sessions` VALUES ('p3brrun8f3bunr3706f089oi16hul0n0', '::1', 1585337773, 0x5F5F63695F6C6173745F726567656E65726174657C693A313538353333373639313B69645F757365727C733A313A2237223B6E616D617C733A343A22416D6972223B6C6576656C7C733A313A2232223B656D61696C7C733A31343A22616D697240676D61696C2E636F6D223B68707C733A31313A223031323334353637383930223B);
INSERT INTO `ci_sessions` VALUES ('f6i0q1sbd89nfrr38upign3ufr1jjkep', '::1', 1585338178, 0x5F5F63695F6C6173745F726567656E65726174657C693A313538353333373838363B69645F757365727C733A313A2231223B6E616D617C733A373A224D2E20546F6861223B6C6576656C7C733A313A2231223B656D61696C7C733A32323A22746F68616B6570726962656E40676D61696C2E636F6D223B68707C733A31323A22303839363730353831393234223B);
INSERT INTO `ci_sessions` VALUES ('atvcvs3p9ouucgd9a65t0l3gq0q7bebe', '::1', 1585338439, 0x5F5F63695F6C6173745F726567656E65726174657C693A313538353333373939353B69645F757365727C733A313A2237223B6E616D617C733A343A22416D6972223B6C6576656C7C733A313A2232223B656D61696C7C733A31343A22616D697240676D61696C2E636F6D223B68707C733A31313A223031323334353637383930223B);
INSERT INTO `ci_sessions` VALUES ('gto0motjrveanm9oclksc1uqrn1j772l', '::1', 1585338288, 0x5F5F63695F6C6173745F726567656E65726174657C693A313538353333383237383B69645F757365727C733A313A2231223B6E616D617C733A373A224D2E20546F6861223B6C6576656C7C733A313A2231223B656D61696C7C733A32323A22746F68616B6570726962656E40676D61696C2E636F6D223B68707C733A31323A22303839363730353831393234223B);
INSERT INTO `ci_sessions` VALUES ('4bgdar4ps2be0f9i6u75jgv1ehp4c60f', '::1', 1585338627, 0x5F5F63695F6C6173745F726567656E65726174657C693A313538353333383434343B69645F757365727C733A313A2237223B6E616D617C733A343A22416D6972223B6C6576656C7C733A313A2232223B656D61696C7C733A31343A22616D697240676D61696C2E636F6D223B68707C733A31313A223031323334353637383930223B);
INSERT INTO `ci_sessions` VALUES ('9v3ctd98mspkqb2fojsudjl6p3stuf7i', '::1', 1585338674, 0x5F5F63695F6C6173745F726567656E65726174657C693A313538353333383633343B69645F757365727C733A313A2231223B6E616D617C733A373A224D2E20546F6861223B6C6576656C7C733A313A2231223B656D61696C7C733A32323A22746F68616B6570726962656E40676D61696C2E636F6D223B68707C733A31323A22303839363730353831393234223B);
INSERT INTO `ci_sessions` VALUES ('ir1apa2u2b1jqksfbdhtd44fn5lpg16j', '::1', 1585339160, 0x5F5F63695F6C6173745F726567656E65726174657C693A313538353333383836313B69645F757365727C733A313A2237223B6E616D617C733A343A22416D6972223B6C6576656C7C733A313A2232223B656D61696C7C733A31343A22616D697240676D61696C2E636F6D223B68707C733A31313A223031323334353637383930223B);
INSERT INTO `ci_sessions` VALUES ('qr32280l98kisjrfrmbrhqb4n2lfcj2n', '::1', 1585339331, 0x5F5F63695F6C6173745F726567656E65726174657C693A313538353333393231303B69645F757365727C733A313A2237223B6E616D617C733A343A22416D6972223B6C6576656C7C733A313A2232223B656D61696C7C733A31343A22616D697240676D61696C2E636F6D223B68707C733A31313A223031323334353637383930223B);
INSERT INTO `ci_sessions` VALUES ('hgr7dst0rcrjacbjkuatggk13v6ptvdp', '::1', 1585339711, 0x5F5F63695F6C6173745F726567656E65726174657C693A313538353333393431363B69645F757365727C733A313A2231223B6E616D617C733A373A224D2E20546F6861223B6C6576656C7C733A313A2231223B656D61696C7C733A32323A22746F68616B6570726962656E40676D61696C2E636F6D223B68707C733A31323A22303839363730353831393234223B);
INSERT INTO `ci_sessions` VALUES ('e24u6e1n7me6312mact4jdcp5b5hflel', '::1', 1585339788, 0x5F5F63695F6C6173745F726567656E65726174657C693A313538353333393732303B69645F757365727C733A313A2231223B6E616D617C733A373A224D2E20546F6861223B6C6576656C7C733A313A2231223B656D61696C7C733A32323A22746F68616B6570726962656E40676D61696C2E636F6D223B68707C733A31323A22303839363730353831393234223B);
INSERT INTO `ci_sessions` VALUES ('lclv8kceovehck6acn9ns9jio8fnigkn', '::1', 1585339810, 0x5F5F63695F6C6173745F726567656E65726174657C693A313538353333393734363B69645F757365727C733A313A2237223B6E616D617C733A343A22416D6972223B6C6576656C7C733A313A2232223B656D61696C7C733A31343A22616D697240676D61696C2E636F6D223B68707C733A31313A223031323334353637383930223B);
INSERT INTO `ci_sessions` VALUES ('1j1h6i5k86p97r3i25u63bcpsjeqe48p', '::1', 1585369908, 0x5F5F63695F6C6173745F726567656E65726174657C693A313538353336393634343B69645F757365727C733A313A2237223B6E616D617C733A343A22416D6972223B6C6576656C7C733A313A2232223B656D61696C7C733A31343A22616D697240676D61696C2E636F6D223B68707C733A31313A223031323334353637383930223B);
INSERT INTO `ci_sessions` VALUES ('ddmdv7hvimphpgdaghm6vud3nvqdhiic', '::1', 1585370581, 0x5F5F63695F6C6173745F726567656E65726174657C693A313538353337303538313B69645F757365727C733A313A2237223B6E616D617C733A343A22416D6972223B6C6576656C7C733A313A2232223B656D61696C7C733A31343A22616D697240676D61696C2E636F6D223B68707C733A31313A223031323334353637383930223B);
INSERT INTO `ci_sessions` VALUES ('6ptrafi4s4qf9k562o644klt7scasajj', '::1', 1585371001, 0x5F5F63695F6C6173745F726567656E65726174657C693A313538353337303939323B69645F757365727C733A313A2237223B6E616D617C733A343A22416D6972223B6C6576656C7C733A313A2232223B656D61696C7C733A31343A22616D697240676D61696C2E636F6D223B68707C733A31313A223031323334353637383930223B);
INSERT INTO `ci_sessions` VALUES ('rtpuofs56cm745ul60f4h1q74d6khkbu', '::1', 1585381394, 0x5F5F63695F6C6173745F726567656E65726174657C693A313538353338313339343B);
INSERT INTO `ci_sessions` VALUES ('1aqot00qhhk18p47gf34357ikf47gsu7', '::1', 1585381973, 0x5F5F63695F6C6173745F726567656E65726174657C693A313538353338313734363B);
INSERT INTO `ci_sessions` VALUES ('s15vv03kuln63330l8hj7uqsul52pr6o', '::1', 1585382645, 0x5F5F63695F6C6173745F726567656E65726174657C693A313538353338323037343B69645F757365727C733A313A2231223B6E616D617C733A373A224D2E20546F6861223B6C6576656C7C733A313A2231223B656D61696C7C733A32323A22746F68616B6570726962656E40676D61696C2E636F6D223B68707C733A31323A22303839363730353831393234223B6C6F67696E5F73756B7365737C623A313B5F5F63695F766172737C613A313A7B733A31323A226C6F67696E5F73756B736573223B733A333A226E6577223B7D);
INSERT INTO `ci_sessions` VALUES ('vp4clalsjb3ku26s5c7n8meabb3u0f2n', '::1', 1585382921, 0x5F5F63695F6C6173745F726567656E65726174657C693A313538353338323634353B69645F757365727C733A313A2231223B6E616D617C733A373A224D2E20546F6861223B6C6576656C7C733A313A2231223B656D61696C7C733A32323A22746F68616B6570726962656E40676D61696C2E636F6D223B68707C733A31323A22303839363730353831393234223B);
INSERT INTO `ci_sessions` VALUES ('e6rd01r31crbj31s81msc9u04one3vmo', '::1', 1585386467, 0x5F5F63695F6C6173745F726567656E65726174657C693A313538353338363332313B69645F757365727C733A313A2231223B6E616D617C733A373A224D2E20546F6861223B6C6576656C7C733A313A2231223B656D61696C7C733A32323A22746F68616B6570726962656E40676D61696C2E636F6D223B68707C733A31323A22303839363730353831393234223B);
INSERT INTO `ci_sessions` VALUES ('eaoifics4v2cla2d9i5bl3io3uv1u3u6', '::1', 1585394425, 0x5F5F63695F6C6173745F726567656E65726174657C693A313538353339343432353B69645F757365727C733A313A2231223B6E616D617C733A373A224D2E20546F6861223B6C6576656C7C733A313A2231223B656D61696C7C733A32323A22746F68616B6570726962656E40676D61696C2E636F6D223B68707C733A31323A22303839363730353831393234223B);
INSERT INTO `ci_sessions` VALUES ('8ur4u7i5qtdjklq46p7cfio4p5ne0t96', '::1', 1585395310, 0x5F5F63695F6C6173745F726567656E65726174657C693A313538353339353137363B69645F757365727C733A313A2231223B6E616D617C733A373A224D2E20546F6861223B6C6576656C7C733A313A2231223B656D61696C7C733A32323A22746F68616B6570726962656E40676D61696C2E636F6D223B68707C733A31323A22303839363730353831393234223B);
INSERT INTO `ci_sessions` VALUES ('31s0jbd46hjfm5dq0ptgkh2nf4hdjqri', '::1', 1585395696, 0x5F5F63695F6C6173745F726567656E65726174657C693A313538353339353430313B69645F757365727C733A313A2237223B6E616D617C733A343A22416D6972223B6C6576656C7C733A313A2232223B656D61696C7C733A31343A22616D697240676D61696C2E636F6D223B68707C733A31313A223031323334353637383930223B);
INSERT INTO `ci_sessions` VALUES ('vd5m35mqabflo7pldk7aoevcna6onh1g', '::1', 1585395830, 0x5F5F63695F6C6173745F726567656E65726174657C693A313538353339353732393B69645F757365727C733A313A2237223B6E616D617C733A343A22416D6972223B6C6576656C7C733A313A2232223B656D61696C7C733A31343A22616D697240676D61696C2E636F6D223B68707C733A31313A223031323334353637383930223B);
INSERT INTO `ci_sessions` VALUES ('hfj2f3rkgad5mopn5j2fupsgihbjonc3', '::1', 1585396152, 0x5F5F63695F6C6173745F726567656E65726174657C693A313538353339363031383B69645F757365727C733A313A2239223B6E616D617C733A31343A22636F626140676D61696C2E636F6D223B6C6576656C7C733A313A2232223B656D61696C7C733A31343A22636F626140676D61696C2E636F6D223B68707C733A31323A22303132333435363738393031223B);
INSERT INTO `ci_sessions` VALUES ('ku3t490ba81stjibbo3d3el4n29k0aff', '::1', 1585450123, 0x5F5F63695F6C6173745F726567656E65726174657C693A313538353434393835383B69645F757365727C733A313A2237223B6E616D617C733A343A22416D6972223B6C6576656C7C733A313A2232223B656D61696C7C733A31343A22616D697240676D61696C2E636F6D223B68707C733A31313A223031323334353637383930223B);
INSERT INTO `ci_sessions` VALUES ('68id8vufe8o5sj2rob5926cfbjpnf37i', '::1', 1585450314, 0x5F5F63695F6C6173745F726567656E65726174657C693A313538353435303137303B69645F757365727C733A313A2237223B6E616D617C733A343A22416D6972223B6C6576656C7C733A313A2232223B656D61696C7C733A31343A22616D697240676D61696C2E636F6D223B68707C733A31313A223031323334353637383930223B);
INSERT INTO `ci_sessions` VALUES ('uut8h5ue0vkq25rsv8qph0p1t5jk274e', '::1', 1585450612, 0x5F5F63695F6C6173745F726567656E65726174657C693A313538353435303631323B69645F757365727C733A313A2237223B6E616D617C733A343A22416D6972223B6C6576656C7C733A313A2232223B656D61696C7C733A31343A22616D697240676D61696C2E636F6D223B68707C733A31313A223031323334353637383930223B);
INSERT INTO `ci_sessions` VALUES ('thptk9ve7fb004ecq7a9s4mk6ckh3prg', '::1', 1585451188, 0x5F5F63695F6C6173745F726567656E65726174657C693A313538353435303938303B69645F757365727C733A313A2237223B6E616D617C733A343A22416D6972223B6C6576656C7C733A313A2232223B656D61696C7C733A31343A22616D697240676D61696C2E636F6D223B68707C733A31313A223031323334353637383930223B);
INSERT INTO `ci_sessions` VALUES ('1mcjguvv82i4d55nsjv50o1pjq9bleni', '::1', 1585452123, 0x5F5F63695F6C6173745F726567656E65726174657C693A313538353435323030353B69645F757365727C733A313A2237223B6E616D617C733A343A22416D6972223B6C6576656C7C733A313A2232223B656D61696C7C733A31343A22616D697240676D61696C2E636F6D223B68707C733A31313A223031323334353637383930223B);
INSERT INTO `ci_sessions` VALUES ('b63inh85dja2bd8tq36fv2e3b7ccvmfu', '::1', 1585453112, 0x5F5F63695F6C6173745F726567656E65726174657C693A313538353435333038383B69645F757365727C733A313A2237223B6E616D617C733A343A22416D6972223B6C6576656C7C733A313A2232223B656D61696C7C733A31343A22616D697240676D61696C2E636F6D223B68707C733A31313A223031323334353637383930223B);
INSERT INTO `ci_sessions` VALUES ('k1t8s5g0jorvff01kna8ld0ls8ktc2r9', '::1', 1585454958, 0x5F5F63695F6C6173745F726567656E65726174657C693A313538353435343935383B69645F757365727C733A313A2237223B6E616D617C733A343A22416D6972223B6C6576656C7C733A313A2232223B656D61696C7C733A31343A22616D697240676D61696C2E636F6D223B68707C733A31313A223031323334353637383930223B);
INSERT INTO `ci_sessions` VALUES ('0cg9lo3248gvbs2er1c7ejmkjl1q9ra2', '::1', 1585457242, 0x5F5F63695F6C6173745F726567656E65726174657C693A313538353435373031383B69645F757365727C733A313A2237223B6E616D617C733A343A22416D6972223B6C6576656C7C733A313A2232223B656D61696C7C733A31343A22616D697240676D61696C2E636F6D223B68707C733A31313A223031323334353637383930223B);
INSERT INTO `ci_sessions` VALUES ('lg7h64m981itoi3fg9047e0jn610p7k2', '::1', 1585457749, 0x5F5F63695F6C6173745F726567656E65726174657C693A313538353435373734393B69645F757365727C733A313A2237223B6E616D617C733A343A22416D6972223B6C6576656C7C733A313A2232223B656D61696C7C733A31343A22616D697240676D61696C2E636F6D223B68707C733A31313A223031323334353637383930223B);
INSERT INTO `ci_sessions` VALUES ('ojuctcehi92ocfpo2ratsf8bh1ip28at', '::1', 1585458456, 0x5F5F63695F6C6173745F726567656E65726174657C693A313538353435383434373B69645F757365727C733A313A2237223B6E616D617C733A383A22416D69727564696E223B6C6576656C7C733A313A2232223B656D61696C7C733A31343A22616D697240676D61696C2E636F6D223B68707C733A31313A223031323334353637383930223B6C6F67696E5F73756B7365737C623A313B5F5F63695F766172737C613A313A7B733A31323A226C6F67696E5F73756B736573223B733A333A226F6C64223B7D);
INSERT INTO `ci_sessions` VALUES ('ni0q8oop8tbbsu8npjh3sqg6it0df0qn', '::1', 1585458910, 0x5F5F63695F6C6173745F726567656E65726174657C693A313538353435383837363B69645F757365727C733A313A2237223B6E616D617C733A383A22416D69727564696E223B6C6576656C7C733A313A2232223B656D61696C7C733A31343A226261727540676D61696C2E636F6D223B68707C733A303A22223B7570646174655F70726F66696C5F73756B7365737C623A313B5F5F63695F766172737C613A313A7B733A32303A227570646174655F70726F66696C5F73756B736573223B733A333A226F6C64223B7D);
INSERT INTO `ci_sessions` VALUES ('t35iuhfossrvmcu7llbhn37u1sukehcr', '::1', 1585463514, 0x5F5F63695F6C6173745F726567656E65726174657C693A313538353436333234353B69645F757365727C733A313A2237223B6E616D617C733A383A22416D69727564696E223B6C6576656C7C733A313A2232223B656D61696C7C733A303A22223B68707C733A303A22223B);
INSERT INTO `ci_sessions` VALUES ('k078a1nug8e8dibjg9otsor0h3127jet', '::1', 1585463859, 0x5F5F63695F6C6173745F726567656E65726174657C693A313538353436333537303B69645F757365727C733A313A2237223B6E616D617C733A383A22416D69727564696E223B6C6576656C7C733A313A2232223B656D61696C7C733A303A22223B68707C733A303A22223B);
INSERT INTO `ci_sessions` VALUES ('f1d0athggknln4jikns9qvbi49lfap5t', '::1', 1585464161, 0x5F5F63695F6C6173745F726567656E65726174657C693A313538353436343037303B69645F757365727C733A313A2236223B6E616D617C733A31333A2250656E6767756E612062617275223B6C6576656C7C733A313A2232223B656D61696C7C733A31343A22616D697240676D61696C2E636F6D223B68707C733A303A22223B7570646174655F70726F66696C5F73756B7365737C623A313B5F5F63695F766172737C613A313A7B733A32303A227570646174655F70726F66696C5F73756B736573223B733A333A226F6C64223B7D);
INSERT INTO `ci_sessions` VALUES ('s73377t5lji15ajpiopuhnept1i5bqs4', '::1', 1585464756, 0x5F5F63695F6C6173745F726567656E65726174657C693A313538353436343637373B69645F757365727C733A313A2236223B6E616D617C733A31333A2250656E6767756E612062617275223B6C6576656C7C733A313A2232223B656D61696C7C733A31343A22616D697240676D61696C2E636F6D223B68707C733A303A22223B7570646174655F70726F66696C5F73756B7365737C623A313B5F5F63695F766172737C613A313A7B733A32303A227570646174655F70726F66696C5F73756B736573223B733A333A226F6C64223B7D);
INSERT INTO `ci_sessions` VALUES ('tuh6rm250jsu804mng0u1i71aaao53pl', '::1', 1585465329, 0x5F5F63695F6C6173745F726567656E65726174657C693A313538353436353137303B69645F757365727C733A313A2236223B6E616D617C733A31333A2250656E6767756E612062617275223B6C6576656C7C733A313A2232223B656D61696C7C733A31343A22616D697240676D61696C2E636F6D223B68707C733A303A22223B);
INSERT INTO `ci_sessions` VALUES ('3s2cinenell78uh3rlt7hj0hjsbn5q2h', '::1', 1585465905, 0x5F5F63695F6C6173745F726567656E65726174657C693A313538353436353631383B69645F757365727C733A313A2236223B6E616D617C733A31333A2250656E6767756E612062617275223B6C6576656C7C733A313A2232223B656D61696C7C733A31333A226E657740676D61696C2E636F6D223B68707C733A31323A22303835383432373137353135223B);
INSERT INTO `ci_sessions` VALUES ('r8o08jil7j5cugbc24h907gpmhqudd0v', '::1', 1585465962, 0x5F5F63695F6C6173745F726567656E65726174657C693A313538353436353932393B69645F757365727C733A313A2236223B6E616D617C733A31333A2250656E6767756E612062617275223B6C6576656C7C733A313A2232223B656D61696C7C733A31343A226261727540676D61696C2E636F6D223B68707C733A31323A22303835383432373137353135223B);
INSERT INTO `ci_sessions` VALUES ('o0jndd67f603jln3ft4rv9p7d34q47vq', '::1', 1585466488, 0x5F5F63695F6C6173745F726567656E65726174657C693A313538353436363331323B69645F757365727C733A313A2236223B6E616D617C733A31333A2250656E6767756E612062617275223B6C6576656C7C733A313A2232223B656D61696C7C733A31393A226A6867686A6B67626A40676D61696C2E636F6D223B68707C733A31323A22313233343536373839313233223B);
INSERT INTO `ci_sessions` VALUES ('qc6nguo5ifrunqdhfsmbje7iltevaq5n', '::1', 1585466630, 0x5F5F63695F6C6173745F726567656E65726174657C693A313538353436363633303B69645F757365727C733A313A2236223B6E616D617C733A31333A2250656E6767756E612062617275223B6C6576656C7C733A313A2232223B656D61696C7C733A31343A22616D697240676D61696C2E636F6D223B68707C733A31313A223031323334353637383930223B7570646174655F70726F66696C5F73756B7365737C623A313B5F5F63695F766172737C613A313A7B733A32303A227570646174655F70726F66696C5F73756B736573223B733A333A226F6C64223B7D);
INSERT INTO `ci_sessions` VALUES ('iajqovke72j1pj2edcrstb6tb5eef4ot', '::1', 1585467278, 0x5F5F63695F6C6173745F726567656E65726174657C693A313538353436373233393B69645F757365727C733A313A2236223B6E616D617C733A31333A2250656E6767756E612062617275223B6C6576656C7C733A313A2232223B656D61696C7C733A31353A2273616C776140676D61696C2E636F6D223B68707C733A31313A223031323334353637383930223B);
INSERT INTO `ci_sessions` VALUES ('j69s7ej1lqjvk040dp37n04e6ckb825j', '::1', 1585467638, 0x5F5F63695F6C6173745F726567656E65726174657C693A313538353436373538303B69645F757365727C733A313A2236223B6E616D617C733A31333A2250656E6767756E612062617275223B6C6576656C7C733A313A2232223B656D61696C7C733A31353A2273616C776140676D61696C2E636F6D223B68707C733A31313A223031323334353637383930223B7570646174655F70726F66696C5F73756B7365737C623A313B5F5F63695F766172737C613A313A7B733A32303A227570646174655F70726F66696C5F73756B736573223B733A333A226F6C64223B7D);
INSERT INTO `ci_sessions` VALUES ('7c4g0d3e61asride6eb8p76ruj43asgh', '::1', 1585468765, 0x5F5F63695F6C6173745F726567656E65726174657C693A313538353436383437373B69645F757365727C733A313A2236223B6E616D617C733A31333A2250656E6767756E612062617275223B6C6576656C7C733A313A2232223B656D61696C7C733A31343A22616D697240676D61696C2E636F6D223B68707C733A31313A223031323334353637383930223B);
INSERT INTO `ci_sessions` VALUES ('foonnd99pgeqm2844htbr2if4sp1oeop', '::1', 1585469064, 0x5F5F63695F6C6173745F726567656E65726174657C693A313538353436383739323B69645F757365727C733A313A2236223B6E616D617C733A31333A2250656E6767756E612062617275223B6C6576656C7C733A313A2232223B656D61696C7C733A31353A2273616C776140676D61696C2E636F6D223B68707C733A31313A223031323334353637383930223B);
INSERT INTO `ci_sessions` VALUES ('sqpii299m69794923hcb8m6khq8eh6p5', '::1', 1585469435, 0x5F5F63695F6C6173745F726567656E65726174657C693A313538353436393138383B69645F757365727C733A313A2237223B6E616D617C733A383A22416D69727564696E223B6C6576656C7C733A313A2232223B656D61696C7C733A31343A22616D697240676D61696C2E636F6D223B68707C733A31313A223031323334353637383930223B);
INSERT INTO `ci_sessions` VALUES ('cv875br6hssomo458gk8mo3i0vjq8huq', '::1', 1585469721, 0x5F5F63695F6C6173745F726567656E65726174657C693A313538353436393638333B);
INSERT INTO `ci_sessions` VALUES ('h6ruj4656t7og692i20dd6phlmqeqp1t', '::1', 1585470601, 0x5F5F63695F6C6173745F726567656E65726174657C693A313538353437303339363B69645F757365727C733A313A2231223B6E616D617C733A373A224D2E20546F6861223B6C6576656C7C733A313A2231223B656D61696C7C733A32323A22746F68616B6570726962656E40676D61696C2E636F6D223B68707C733A31323A22303839363730353831393234223B);
INSERT INTO `ci_sessions` VALUES ('dlorhm5i3agca924aimvnnqc64nls1jh', '::1', 1585471015, 0x5F5F63695F6C6173745F726567656E65726174657C693A313538353437303830313B69645F757365727C733A313A2231223B6E616D617C733A373A224D2E20546F6861223B6C6576656C7C733A313A2231223B656D61696C7C733A32323A22746F68616B6570726962656E40676D61696C2E636F6D223B68707C733A31323A22303839363730353831393234223B);
INSERT INTO `ci_sessions` VALUES ('4p8b3qirmkc50bbrrfl8h7o7rjr60gvf', '::1', 1585471158, 0x5F5F63695F6C6173745F726567656E65726174657C693A313538353437303932373B69645F757365727C733A313A2237223B6E616D617C733A383A22416D69727564696E223B6C6576656C7C733A313A2232223B656D61696C7C733A31343A22616D697240676D61696C2E636F6D223B68707C733A31313A223031323334353637383930223B);
INSERT INTO `ci_sessions` VALUES ('u2ue40lrif8o5p087qrhm55gn44kc4hb', '::1', 1585475880, 0x5F5F63695F6C6173745F726567656E65726174657C693A313538353437353838303B69645F757365727C733A313A2237223B6E616D617C733A383A22416D69727564696E223B6C6576656C7C733A313A2232223B656D61696C7C733A31343A22616D697240676D61696C2E636F6D223B68707C733A31313A223031323334353637383930223B);
INSERT INTO `ci_sessions` VALUES ('kd6v1lenka2bteb23vt3pldeckapbidb', '::1', 1585476457, 0x5F5F63695F6C6173745F726567656E65726174657C693A313538353437363331303B69645F757365727C733A313A2231223B6E616D617C733A373A224D2E20546F6861223B6C6576656C7C733A313A2231223B656D61696C7C733A32323A22746F68616B6570726962656E40676D61696C2E636F6D223B68707C733A31323A22303839363730353831393234223B);
INSERT INTO `ci_sessions` VALUES ('rk83qot37qeggqcgf3amu8m5gi3r097l', '::1', 1585478501, 0x5F5F63695F6C6173745F726567656E65726174657C693A313538353437383437393B69645F757365727C733A313A2231223B6E616D617C733A373A224D2E20546F6861223B6C6576656C7C733A313A2231223B656D61696C7C733A32323A22746F68616B6570726962656E40676D61696C2E636F6D223B68707C733A31323A22303839363730353831393234223B);
INSERT INTO `ci_sessions` VALUES ('q50gg6f84epldjjk8a8th5vittrt2lie', '::1', 1585479259, 0x5F5F63695F6C6173745F726567656E65726174657C693A313538353437393030363B69645F757365727C733A313A2231223B6E616D617C733A373A224D2E20546F6861223B6C6576656C7C733A313A2231223B656D61696C7C733A32323A22746F68616B6570726962656E40676D61696C2E636F6D223B68707C733A31323A22303839363730353831393234223B);
INSERT INTO `ci_sessions` VALUES ('l5siecmtsa4hu8p6n47n6da71a93f1ik', '::1', 1585479468, 0x5F5F63695F6C6173745F726567656E65726174657C693A313538353437393436383B69645F757365727C733A313A2231223B6E616D617C733A373A224D2E20546F6861223B6C6576656C7C733A313A2231223B656D61696C7C733A32323A22746F68616B6570726962656E40676D61696C2E636F6D223B68707C733A31323A22303839363730353831393234223B);
INSERT INTO `ci_sessions` VALUES ('ii3fupl7bq0u8eg2dbdmo9vl1503q5lb', '::1', 1585479883, 0x5F5F63695F6C6173745F726567656E65726174657C693A313538353437393830323B69645F757365727C733A313A2231223B6E616D617C733A373A224D2E20546F6861223B6C6576656C7C733A313A2231223B656D61696C7C733A32323A22746F68616B6570726962656E40676D61696C2E636F6D223B68707C733A31323A22303839363730353831393234223B);
INSERT INTO `ci_sessions` VALUES ('h9d8v9ppi6jq3n7jn3ci6locuoimhka5', '::1', 1585480216, 0x5F5F63695F6C6173745F726567656E65726174657C693A313538353438303231363B69645F757365727C733A313A2231223B6E616D617C733A373A224D2E20546F6861223B6C6576656C7C733A313A2231223B656D61696C7C733A32323A22746F68616B6570726962656E40676D61696C2E636F6D223B68707C733A31323A22303839363730353831393234223B);
INSERT INTO `ci_sessions` VALUES ('8pcfpl60ieva4ispu3u2e74ucatsnmms', '::1', 1585480635, 0x5F5F63695F6C6173745F726567656E65726174657C693A313538353438303533333B69645F757365727C733A313A2231223B6E616D617C733A373A224D2E20546F6861223B6C6576656C7C733A313A2231223B656D61696C7C733A32323A22746F68616B6570726962656E40676D61696C2E636F6D223B68707C733A31323A22303839363730353831393234223B);
INSERT INTO `ci_sessions` VALUES ('cq7vqh5e6qgrkhkhonir76lcg723l2sl', '::1', 1585480887, 0x5F5F63695F6C6173745F726567656E65726174657C693A313538353438303838373B69645F757365727C733A313A2231223B6E616D617C733A373A224D2E20546F6861223B6C6576656C7C733A313A2231223B656D61696C7C733A32323A22746F68616B6570726962656E40676D61696C2E636F6D223B68707C733A31323A22303839363730353831393234223B);
INSERT INTO `ci_sessions` VALUES ('jvadues53cvkh52hbicqlteigl9fgtnq', '::1', 1585483162, 0x5F5F63695F6C6173745F726567656E65726174657C693A313538353438323930313B69645F757365727C733A313A2231223B6E616D617C733A373A224D2E20546F6861223B6C6576656C7C733A313A2231223B656D61696C7C733A32323A22746F68616B6570726962656E40676D61696C2E636F6D223B68707C733A31323A22303839363730353831393234223B);
INSERT INTO `ci_sessions` VALUES ('bjrfmofk98a5ov1c9faca27jh0m89t07', '::1', 1585483410, 0x5F5F63695F6C6173745F726567656E65726174657C693A313538353438333238323B69645F757365727C733A313A2231223B6E616D617C733A373A224D2E20546F6861223B6C6576656C7C733A313A2231223B656D61696C7C733A32323A22746F68616B6570726962656E40676D61696C2E636F6D223B68707C733A31323A22303839363730353831393234223B);
INSERT INTO `ci_sessions` VALUES ('9h6mfmbeh8bok795ggoisr18jrdfi9pp', '::1', 1585483876, 0x5F5F63695F6C6173745F726567656E65726174657C693A313538353438333538393B69645F757365727C733A313A2231223B6E616D617C733A373A224D2E20546F6861223B6C6576656C7C733A313A2231223B656D61696C7C733A32323A22746F68616B6570726962656E40676D61696C2E636F6D223B68707C733A31323A22303839363730353831393234223B);
INSERT INTO `ci_sessions` VALUES ('2afuji76oi1up0rp27d7bj1ju62f4oo3', '::1', 1585483937, 0x5F5F63695F6C6173745F726567656E65726174657C693A313538353438333933373B69645F757365727C733A313A2231223B6E616D617C733A373A224D2E20546F6861223B6C6576656C7C733A313A2231223B656D61696C7C733A32323A22746F68616B6570726962656E40676D61696C2E636F6D223B68707C733A31323A22303839363730353831393234223B);
INSERT INTO `ci_sessions` VALUES ('cn1hc7f5of36bkbkv2f34p1e4uufs9ss', '::1', 1585490730, 0x5F5F63695F6C6173745F726567656E65726174657C693A313538353439303437383B69645F757365727C733A313A2231223B6E616D617C733A373A224D2E20546F6861223B6C6576656C7C733A313A2231223B656D61696C7C733A32323A22746F68616B6570726962656E40676D61696C2E636F6D223B68707C733A31323A22303839363730353831393234223B);
INSERT INTO `ci_sessions` VALUES ('sei2jd8aga35agtesmu99k51p6i9p7u3', '::1', 1585491124, 0x5F5F63695F6C6173745F726567656E65726174657C693A313538353439303832353B69645F757365727C733A313A2231223B6E616D617C733A373A224D2E20546F6861223B6C6576656C7C733A313A2231223B656D61696C7C733A32323A22746F68616B6570726962656E40676D61696C2E636F6D223B68707C733A31323A22303839363730353831393234223B);
INSERT INTO `ci_sessions` VALUES ('jndep1pmumko43tv8fi5josfugm5lhfd', '::1', 1585491371, 0x5F5F63695F6C6173745F726567656E65726174657C693A313538353439313336383B69645F757365727C733A313A2231223B6E616D617C733A373A224D2E20546F6861223B6C6576656C7C733A313A2231223B656D61696C7C733A32323A22746F68616B6570726962656E40676D61696C2E636F6D223B68707C733A31323A22303839363730353831393234223B);
INSERT INTO `ci_sessions` VALUES ('sqgd2129aqgtphlrokebh685f98d7c1u', '::1', 1585491937, 0x5F5F63695F6C6173745F726567656E65726174657C693A313538353439313830313B69645F757365727C733A313A2231223B6E616D617C733A373A224D2E20546F6861223B6C6576656C7C733A313A2231223B656D61696C7C733A32323A22746F68616B6570726962656E40676D61696C2E636F6D223B68707C733A31323A22303839363730353831393234223B);
INSERT INTO `ci_sessions` VALUES ('q3egbain32bk5lq5agcq8rpbmi47qpfm', '::1', 1585492431, 0x5F5F63695F6C6173745F726567656E65726174657C693A313538353439323232383B69645F757365727C733A313A2231223B6E616D617C733A373A224D2E20546F6861223B6C6576656C7C733A313A2231223B656D61696C7C733A32323A22746F68616B6570726962656E40676D61696C2E636F6D223B68707C733A31323A22303839363730353831393234223B);
INSERT INTO `ci_sessions` VALUES ('91g22t3s1manikg93gvnl42arn6notnl', '::1', 1585493658, 0x5F5F63695F6C6173745F726567656E65726174657C693A313538353439333433303B69645F757365727C733A313A2231223B6E616D617C733A373A224D2E20546F6861223B6C6576656C7C733A313A2231223B656D61696C7C733A32323A22746F68616B6570726962656E40676D61696C2E636F6D223B68707C733A31323A22303839363730353831393234223B);
INSERT INTO `ci_sessions` VALUES ('t9sr0ktqo94dh3v9j5hmjre1ea2n081p', '::1', 1585493745, 0x5F5F63695F6C6173745F726567656E65726174657C693A313538353439333734333B69645F757365727C733A313A2231223B6E616D617C733A373A224D2E20546F6861223B6C6576656C7C733A313A2231223B656D61696C7C733A32323A22746F68616B6570726962656E40676D61696C2E636F6D223B68707C733A31323A22303839363730353831393234223B);
INSERT INTO `ci_sessions` VALUES ('fien0nt7j42g1j9r8mragus7f8rqidl9', '::1', 1585498729, 0x5F5F63695F6C6173745F726567656E65726174657C693A313538353439383436313B69645F757365727C733A313A2231223B6E616D617C733A373A224D2E20546F6861223B6C6576656C7C733A313A2231223B656D61696C7C733A32323A22746F68616B6570726962656E40676D61696C2E636F6D223B68707C733A31323A22303839363730353831393234223B);
INSERT INTO `ci_sessions` VALUES ('ps0q81fnjc24gl4td5c24dn00gd2rt25', '::1', 1585499052, 0x5F5F63695F6C6173745F726567656E65726174657C693A313538353439383739323B69645F757365727C733A313A2231223B6E616D617C733A373A224D2E20546F6861223B6C6576656C7C733A313A2231223B656D61696C7C733A32323A22746F68616B6570726962656E40676D61696C2E636F6D223B68707C733A31323A22303839363730353831393234223B);
INSERT INTO `ci_sessions` VALUES ('peg3evt599bo1jg07vs710i3udde3mph', '::1', 1585499404, 0x5F5F63695F6C6173745F726567656E65726174657C693A313538353439393134303B69645F757365727C733A313A2231223B6E616D617C733A373A224D2E20546F6861223B6C6576656C7C733A313A2231223B656D61696C7C733A32323A22746F68616B6570726962656E40676D61696C2E636F6D223B68707C733A31323A22303839363730353831393234223B);
INSERT INTO `ci_sessions` VALUES ('q9k6tm94t6i2f23n1419lg99mptt1sj5', '::1', 1585499199, 0x5F5F63695F6C6173745F726567656E65726174657C693A313538353439393139393B69645F757365727C733A313A2237223B6E616D617C733A383A22416D69727564696E223B6C6576656C7C733A313A2232223B656D61696C7C733A31343A22616D697240676D61696C2E636F6D223B68707C733A31313A223031323334353637383930223B);
INSERT INTO `ci_sessions` VALUES ('4lnq63vhgnerm07fmhlflnhb4ua05u68', '::1', 1585499515, 0x5F5F63695F6C6173745F726567656E65726174657C693A313538353439393434323B69645F757365727C733A313A2231223B6E616D617C733A373A224D2E20546F6861223B6C6576656C7C733A313A2231223B656D61696C7C733A32323A22746F68616B6570726962656E40676D61696C2E636F6D223B68707C733A31323A22303839363730353831393234223B);
INSERT INTO `ci_sessions` VALUES ('sd230mhp2r61kp6sjfo3df2gu22hnsvv', '::1', 1585500091, 0x5F5F63695F6C6173745F726567656E65726174657C693A313538353439393739313B69645F757365727C733A313A2231223B6E616D617C733A373A224D2E20546F6861223B6C6576656C7C733A313A2231223B656D61696C7C733A32323A22746F68616B6570726962656E40676D61696C2E636F6D223B68707C733A31323A22303839363730353831393234223B);
INSERT INTO `ci_sessions` VALUES ('881khvibsu4kqkvkhvvp6fhicqd450dg', '::1', 1585500475, 0x5F5F63695F6C6173745F726567656E65726174657C693A313538353530303139313B69645F757365727C733A313A2231223B6E616D617C733A373A224D2E20546F6861223B6C6576656C7C733A313A2231223B656D61696C7C733A32323A22746F68616B6570726962656E40676D61696C2E636F6D223B68707C733A31323A22303839363730353831393234223B);
INSERT INTO `ci_sessions` VALUES ('905egaphl60hjs11uuddv5o0hmu4sr23', '::1', 1585500797, 0x5F5F63695F6C6173745F726567656E65726174657C693A313538353530303533363B69645F757365727C733A313A2231223B6E616D617C733A373A224D2E20546F6861223B6C6576656C7C733A313A2231223B656D61696C7C733A32323A22746F68616B6570726962656E40676D61696C2E636F6D223B68707C733A31323A22303839363730353831393234223B);
INSERT INTO `ci_sessions` VALUES ('gja3plnr0m59nu6h107gndk1n53oaupi', '::1', 1585501088, 0x5F5F63695F6C6173745F726567656E65726174657C693A313538353530303837373B69645F757365727C733A313A2231223B6E616D617C733A373A224D2E20546F6861223B6C6576656C7C733A313A2231223B656D61696C7C733A32323A22746F68616B6570726962656E40676D61696C2E636F6D223B68707C733A31323A22303839363730353831393234223B);
INSERT INTO `ci_sessions` VALUES ('lqiankcrp8907c0v4kcco884u28d03k9', '::1', 1585501593, 0x5F5F63695F6C6173745F726567656E65726174657C693A313538353530313332343B69645F757365727C733A313A2231223B6E616D617C733A373A224D2E20546F6861223B6C6576656C7C733A313A2231223B656D61696C7C733A32323A22746F68616B6570726962656E40676D61696C2E636F6D223B68707C733A31323A22303839363730353831393234223B);
INSERT INTO `ci_sessions` VALUES ('0room8n3h7nqj2o79pth7rn2ro4ldv6k', '::1', 1585501664, 0x5F5F63695F6C6173745F726567656E65726174657C693A313538353530313636323B69645F757365727C733A313A2231223B6E616D617C733A373A224D2E20546F6861223B6C6576656C7C733A313A2231223B656D61696C7C733A32323A22746F68616B6570726962656E40676D61696C2E636F6D223B68707C733A31323A22303839363730353831393234223B);
INSERT INTO `ci_sessions` VALUES ('vgjik92k5g7mumnccr52m8ul9fmgest2', '::1', 1585502916, 0x5F5F63695F6C6173745F726567656E65726174657C693A313538353530323732343B69645F757365727C733A313A2231223B6E616D617C733A373A224D2E20546F6861223B6C6576656C7C733A313A2231223B656D61696C7C733A32323A22746F68616B6570726962656E40676D61696C2E636F6D223B68707C733A31323A22303839363730353831393234223B);
INSERT INTO `ci_sessions` VALUES ('pk752hq02t842b0vsvrv8i52s4le42sa', '::1', 1585503288, 0x5F5F63695F6C6173745F726567656E65726174657C693A313538353530333032373B69645F757365727C733A313A2231223B6E616D617C733A373A224D2E20546F6861223B6C6576656C7C733A313A2231223B656D61696C7C733A32323A22746F68616B6570726962656E40676D61696C2E636F6D223B68707C733A31323A22303839363730353831393234223B);
INSERT INTO `ci_sessions` VALUES ('hg9bt77nnglsbasjdh707om31mm365sc', '::1', 1585503788, 0x5F5F63695F6C6173745F726567656E65726174657C693A313538353530333733303B69645F757365727C733A313A2231223B6E616D617C733A373A224D2E20546F6861223B6C6576656C7C733A313A2231223B656D61696C7C733A32323A22746F68616B6570726962656E40676D61696C2E636F6D223B68707C733A31323A22303839363730353831393234223B);
INSERT INTO `ci_sessions` VALUES ('ngddn1t8v33i8rbh8s756ihojd1mm9k9', '::1', 1585504423, 0x5F5F63695F6C6173745F726567656E65726174657C693A313538353530343232303B69645F757365727C733A313A2231223B6E616D617C733A373A224D2E20546F6861223B6C6576656C7C733A313A2231223B656D61696C7C733A32323A22746F68616B6570726962656E40676D61696C2E636F6D223B68707C733A31323A22303839363730353831393234223B);
INSERT INTO `ci_sessions` VALUES ('gnmkvbr47h10oce9euqi8i1stb995ubs', '::1', 1585505136, 0x5F5F63695F6C6173745F726567656E65726174657C693A313538353530343839333B69645F757365727C733A313A2231223B6E616D617C733A373A224D2E20546F6861223B6C6576656C7C733A313A2231223B656D61696C7C733A32323A22746F68616B6570726962656E40676D61696C2E636F6D223B68707C733A31323A22303839363730353831393234223B);
INSERT INTO `ci_sessions` VALUES ('irqcu2fdbk5hnbgb8f19odsrrg1itpdc', '::1', 1585505526, 0x5F5F63695F6C6173745F726567656E65726174657C693A313538353530353532333B69645F757365727C733A313A2231223B6E616D617C733A373A224D2E20546F6861223B6C6576656C7C733A313A2231223B656D61696C7C733A32323A22746F68616B6570726962656E40676D61696C2E636F6D223B68707C733A31323A22303839363730353831393234223B);
INSERT INTO `ci_sessions` VALUES ('lep80s99b3k5o88drq5qui423k0u1tji', '::1', 1585506519, 0x5F5F63695F6C6173745F726567656E65726174657C693A313538353530363235393B69645F757365727C733A313A2231223B6E616D617C733A373A224D2E20546F6861223B6C6576656C7C733A313A2231223B656D61696C7C733A32323A22746F68616B6570726962656E40676D61696C2E636F6D223B68707C733A31323A22303839363730353831393234223B);
INSERT INTO `ci_sessions` VALUES ('863aof0t8f2hj3rtp5jdbrjc3vs49gmq', '::1', 1585506726, 0x5F5F63695F6C6173745F726567656E65726174657C693A313538353530363630373B69645F757365727C733A313A2231223B6E616D617C733A373A224D2E20546F6861223B6C6576656C7C733A313A2231223B656D61696C7C733A32323A22746F68616B6570726962656E40676D61696C2E636F6D223B68707C733A31323A22303839363730353831393234223B);
INSERT INTO `ci_sessions` VALUES ('tkqdo3aleriht8k0u2s8jsopitvpo55q', '::1', 1585507342, 0x5F5F63695F6C6173745F726567656E65726174657C693A313538353530373035353B69645F757365727C733A313A2231223B6E616D617C733A373A224D2E20546F6861223B6C6576656C7C733A313A2231223B656D61696C7C733A32323A22746F68616B6570726962656E40676D61696C2E636F6D223B68707C733A31323A22303839363730353831393234223B);
INSERT INTO `ci_sessions` VALUES ('etjvu7s6bpiktqt6j5n9mhvbaqnsivcn', '::1', 1585507410, 0x5F5F63695F6C6173745F726567656E65726174657C693A313538353530373336383B69645F757365727C733A313A2231223B6E616D617C733A373A224D2E20546F6861223B6C6576656C7C733A313A2231223B656D61696C7C733A32323A22746F68616B6570726962656E40676D61696C2E636F6D223B68707C733A31323A22303839363730353831393234223B);
INSERT INTO `ci_sessions` VALUES ('ot8npqpvndp92cnujao59i7m5hsdhvle', '::1', 1585507971, 0x5F5F63695F6C6173745F726567656E65726174657C693A313538353530373638303B69645F757365727C733A313A2231223B6E616D617C733A373A224D2E20546F6861223B6C6576656C7C733A313A2231223B656D61696C7C733A32323A22746F68616B6570726962656E40676D61696C2E636F6D223B68707C733A31323A22303839363730353831393234223B);
INSERT INTO `ci_sessions` VALUES ('u2t4hhqemri7rtn1c23jag6452prkgf0', '::1', 1585508402, 0x5F5F63695F6C6173745F726567656E65726174657C693A313538353530383130383B69645F757365727C733A313A2231223B6E616D617C733A373A224D2E20546F6861223B6C6576656C7C733A313A2231223B656D61696C7C733A32323A22746F68616B6570726962656E40676D61696C2E636F6D223B68707C733A31323A22303839363730353831393234223B);
INSERT INTO `ci_sessions` VALUES ('ntqrk1prf4ai1c10ed7l50gf6v03cigq', '::1', 1585508623, 0x5F5F63695F6C6173745F726567656E65726174657C693A313538353530383433313B69645F757365727C733A313A2231223B6E616D617C733A373A224D2E20546F6861223B6C6576656C7C733A313A2231223B656D61696C7C733A32323A22746F68616B6570726962656E40676D61696C2E636F6D223B68707C733A31323A22303839363730353831393234223B);
INSERT INTO `ci_sessions` VALUES ('6esvu0t6s6g59659olf55cfn1nlc5b6t', '::1', 1585509167, 0x5F5F63695F6C6173745F726567656E65726174657C693A313538353530383935313B69645F757365727C733A313A2231223B6E616D617C733A373A224D2E20546F6861223B6C6576656C7C733A313A2231223B656D61696C7C733A32323A22746F68616B6570726962656E40676D61696C2E636F6D223B68707C733A31323A22303839363730353831393234223B);
INSERT INTO `ci_sessions` VALUES ('l3l4umkvle92vfi8fjolgujpeng73gj4', '::1', 1585509533, 0x5F5F63695F6C6173745F726567656E65726174657C693A313538353530393336303B69645F757365727C733A313A2231223B6E616D617C733A373A224D2E20546F6861223B6C6576656C7C733A313A2231223B656D61696C7C733A32323A22746F68616B6570726962656E40676D61696C2E636F6D223B68707C733A31323A22303839363730353831393234223B);
INSERT INTO `ci_sessions` VALUES ('6pbfq3sbhj1oou4keadamjcecimoqcv7', '::1', 1585509901, 0x5F5F63695F6C6173745F726567656E65726174657C693A313538353530393838393B69645F757365727C733A313A2231223B6E616D617C733A373A224D2E20546F6861223B6C6576656C7C733A313A2231223B656D61696C7C733A32323A22746F68616B6570726962656E40676D61696C2E636F6D223B68707C733A31323A22303839363730353831393234223B);
INSERT INTO `ci_sessions` VALUES ('fsipqu09o5aml47hift6r77747aahbvd', '::1', 1585511009, 0x5F5F63695F6C6173745F726567656E65726174657C693A313538353531313030333B69645F757365727C733A313A2231223B6E616D617C733A373A224D2E20546F6861223B6C6576656C7C733A313A2231223B656D61696C7C733A32323A22746F68616B6570726962656E40676D61696C2E636F6D223B68707C733A31323A22303839363730353831393234223B);
INSERT INTO `ci_sessions` VALUES ('dt6iav3g3q32oasctrvmd0hrbkklt0q8', '::1', 1585511537, 0x5F5F63695F6C6173745F726567656E65726174657C693A313538353531313533313B69645F757365727C733A313A2231223B6E616D617C733A373A224D2E20546F6861223B6C6576656C7C733A313A2231223B656D61696C7C733A32323A22746F68616B6570726962656E40676D61696C2E636F6D223B68707C733A31323A22303839363730353831393234223B);
INSERT INTO `ci_sessions` VALUES ('1593detvvlaucav8o4imdnq4oodqf715', '::1', 1585512159, 0x5F5F63695F6C6173745F726567656E65726174657C693A313538353531313935363B69645F757365727C733A313A2231223B6E616D617C733A373A224D2E20546F6861223B6C6576656C7C733A313A2231223B656D61696C7C733A32323A22746F68616B6570726962656E40676D61696C2E636F6D223B68707C733A31323A22303839363730353831393234223B);
INSERT INTO `ci_sessions` VALUES ('s2c5f0780vs50s93m8c22nrpaulmm8o9', '::1', 1585513238, 0x5F5F63695F6C6173745F726567656E65726174657C693A313538353531323935303B69645F757365727C733A313A2231223B6E616D617C733A373A224D2E20546F6861223B6C6576656C7C733A313A2231223B656D61696C7C733A32323A22746F68616B6570726962656E40676D61696C2E636F6D223B68707C733A31323A22303839363730353831393234223B);
INSERT INTO `ci_sessions` VALUES ('761k7148vd6sd02rfdvvkuuls701bta2', '::1', 1585513542, 0x5F5F63695F6C6173745F726567656E65726174657C693A313538353531333334303B69645F757365727C733A313A2231223B6E616D617C733A373A224D2E20546F6861223B6C6576656C7C733A313A2231223B656D61696C7C733A32323A22746F68616B6570726962656E40676D61696C2E636F6D223B68707C733A31323A22303839363730353831393234223B);
INSERT INTO `ci_sessions` VALUES ('u0ntecdu49nbq0ip49d581mp9raj69eo', '::1', 1585513921, 0x5F5F63695F6C6173745F726567656E65726174657C693A313538353531333637303B69645F757365727C733A313A2231223B6E616D617C733A373A224D2E20546F6861223B6C6576656C7C733A313A2231223B656D61696C7C733A32323A22746F68616B6570726962656E40676D61696C2E636F6D223B68707C733A31323A22303839363730353831393234223B);
INSERT INTO `ci_sessions` VALUES ('br589u527fqmftllqfrd4msvkm08lbqj', '::1', 1585514106, 0x5F5F63695F6C6173745F726567656E65726174657C693A313538353531343030353B69645F757365727C733A313A2231223B6E616D617C733A373A224D2E20546F6861223B6C6576656C7C733A313A2231223B656D61696C7C733A32323A22746F68616B6570726962656E40676D61696C2E636F6D223B68707C733A31323A22303839363730353831393234223B);
INSERT INTO `ci_sessions` VALUES ('pr1e6t3b5vna07j2vrnjo6hnqvmk3qqi', '::1', 1585514678, 0x5F5F63695F6C6173745F726567656E65726174657C693A313538353531343437333B69645F757365727C733A313A2231223B6E616D617C733A373A224D2E20546F6861223B6C6576656C7C733A313A2231223B656D61696C7C733A32323A22746F68616B6570726962656E40676D61696C2E636F6D223B68707C733A31323A22303839363730353831393234223B);
INSERT INTO `ci_sessions` VALUES ('r4gh8i6tbggpm45ofne626bjspfb7u4k', '::1', 1585514823, 0x5F5F63695F6C6173745F726567656E65726174657C693A313538353531343831363B69645F757365727C733A313A2231223B6E616D617C733A373A224D2E20546F6861223B6C6576656C7C733A313A2231223B656D61696C7C733A32323A22746F68616B6570726962656E40676D61696C2E636F6D223B68707C733A31323A22303839363730353831393234223B);
INSERT INTO `ci_sessions` VALUES ('aohnvd8oh2he927tj9ra18qhlk16f36p', '::1', 1585515483, 0x5F5F63695F6C6173745F726567656E65726174657C693A313538353531353231313B69645F757365727C733A313A2231223B6E616D617C733A373A224D2E20546F6861223B6C6576656C7C733A313A2231223B656D61696C7C733A32323A22746F68616B6570726962656E40676D61696C2E636F6D223B68707C733A31323A22303839363730353831393234223B);
INSERT INTO `ci_sessions` VALUES ('sdqf4gc1ec4et0s0emc9mnrrl0gdd569', '::1', 1585515871, 0x5F5F63695F6C6173745F726567656E65726174657C693A313538353531353633343B69645F757365727C733A313A2231223B6E616D617C733A373A224D2E20546F6861223B6C6576656C7C733A313A2231223B656D61696C7C733A32323A22746F68616B6570726962656E40676D61696C2E636F6D223B68707C733A31323A22303839363730353831393234223B);
INSERT INTO `ci_sessions` VALUES ('nhdpoe1134o4mptd6g6sq449iknt1mlk', '::1', 1585516152, 0x5F5F63695F6C6173745F726567656E65726174657C693A313538353531353934343B69645F757365727C733A313A2231223B6E616D617C733A373A224D2E20546F6861223B6C6576656C7C733A313A2231223B656D61696C7C733A32323A22746F68616B6570726962656E40676D61696C2E636F6D223B68707C733A31323A22303839363730353831393234223B);
INSERT INTO `ci_sessions` VALUES ('i4u0iteqgo830dujfg4agu98l5pdpkdr', '::1', 1585552468, 0x5F5F63695F6C6173745F726567656E65726174657C693A313538353535323436353B);
INSERT INTO `ci_sessions` VALUES ('chdlevhf2j6p17mkirvl7uk9dpkjug31', '::1', 1585568717, 0x5F5F63695F6C6173745F726567656E65726174657C693A313538353536383534303B69645F757365727C733A313A2231223B6E616D617C733A373A224D2E20546F6861223B6C6576656C7C733A313A2231223B656D61696C7C733A32323A22746F68616B6570726962656E40676D61696C2E636F6D223B68707C733A31323A22303839363730353831393234223B);
INSERT INTO `ci_sessions` VALUES ('vbqn0vhle5m4l5265sdsurclt9elkffn', '::1', 1585581595, 0x5F5F63695F6C6173745F726567656E65726174657C693A313538353538313432313B69645F757365727C733A313A2231223B6E616D617C733A373A224D2E20546F6861223B6C6576656C7C733A313A2231223B656D61696C7C733A32323A22746F68616B6570726962656E40676D61696C2E636F6D223B68707C733A31323A22303839363730353831393234223B);
INSERT INTO `ci_sessions` VALUES ('b3h4s38nbtiqftuj01f3fc1jvkh70ha6', '::1', 1585582168, 0x5F5F63695F6C6173745F726567656E65726174657C693A313538353538313932323B69645F757365727C733A313A2231223B6E616D617C733A373A224D2E20546F6861223B6C6576656C7C733A313A2231223B656D61696C7C733A32323A22746F68616B6570726962656E40676D61696C2E636F6D223B68707C733A31323A22303839363730353831393234223B);
INSERT INTO `ci_sessions` VALUES ('mje59aluhi72cc58v1f1gca49kc11jlv', '::1', 1585585446, 0x5F5F63695F6C6173745F726567656E65726174657C693A313538353538353433393B69645F757365727C733A313A2231223B6E616D617C733A373A224D2E20546F6861223B6C6576656C7C733A313A2231223B656D61696C7C733A32323A22746F68616B6570726962656E40676D61696C2E636F6D223B68707C733A31323A22303839363730353831393234223B);
INSERT INTO `ci_sessions` VALUES ('v7g65r6lvt6cg2ejvg4no5ondv67d9s5', '::1', 1585876227, 0x5F5F63695F6C6173745F726567656E65726174657C693A313538353837353936333B);
INSERT INTO `ci_sessions` VALUES ('ugbjg17v9okbrtef7gmac7b1iq50gnf4', '::1', 1585876406, 0x5F5F63695F6C6173745F726567656E65726174657C693A313538353837363237333B);
INSERT INTO `ci_sessions` VALUES ('orc5kkqihdi5aai5jp98b9gtlea48kae', '::1', 1585877223, 0x5F5F63695F6C6173745F726567656E65726174657C693A313538353837373036333B);
INSERT INTO `ci_sessions` VALUES ('81psunft0qmsocple4e1oratgrhqls2r', '::1', 1585877579, 0x5F5F63695F6C6173745F726567656E65726174657C693A313538353837373534303B);
INSERT INTO `ci_sessions` VALUES ('7e4hvo38jfqrqflv8s4pdi61uqetlvil', '::1', 1585882105, 0x5F5F63695F6C6173745F726567656E65726174657C693A313538353837373936393B69645F757365727C733A313A2231223B6E616D617C733A373A224D2E20546F6861223B6C6576656C7C733A313A2231223B656D61696C7C733A32323A22746F68616B6570726962656E40676D61696C2E636F6D223B68707C733A31323A22303839363730353831393234223B6C6F67696E5F73756B7365737C623A313B5F5F63695F766172737C613A313A7B733A31323A226C6F67696E5F73756B736573223B733A333A226E6577223B7D);
INSERT INTO `ci_sessions` VALUES ('is39kbi5u4db2jh6rt1cnibvmuaqpegn', '::1', 1585882116, 0x5F5F63695F6C6173745F726567656E65726174657C693A313538353838323130353B69645F757365727C733A313A2231223B6E616D617C733A373A224D2E20546F6861223B6C6576656C7C733A313A2231223B656D61696C7C733A32323A22746F68616B6570726962656E40676D61696C2E636F6D223B68707C733A31323A22303839363730353831393234223B);
INSERT INTO `ci_sessions` VALUES ('mp66t373e8kr01j3drejvd6951e8n7aj', '::1', 1585908755, 0x5F5F63695F6C6173745F726567656E65726174657C693A313538353839393634303B69645F757365727C733A313A2231223B6E616D617C733A373A224D2E20546F6861223B6C6576656C7C733A313A2231223B656D61696C7C733A32323A22746F68616B6570726962656E40676D61696C2E636F6D223B68707C733A31323A22303839363730353831393234223B6C6F67696E5F73756B7365737C623A313B5F5F63695F766172737C613A313A7B733A31323A226C6F67696E5F73756B736573223B733A333A226E6577223B7D);
INSERT INTO `ci_sessions` VALUES ('gjhgvnqjjhsa74qaepdjjnvshn5fu8u1', '::1', 1585908764, 0x5F5F63695F6C6173745F726567656E65726174657C693A313538353930383735353B69645F757365727C733A313A2231223B6E616D617C733A373A224D2E20546F6861223B6C6576656C7C733A313A2231223B656D61696C7C733A32323A22746F68616B6570726962656E40676D61696C2E636F6D223B68707C733A31323A22303839363730353831393234223B);
INSERT INTO `ci_sessions` VALUES ('gm129fh11l5hqfm00n6ici5tgoptdpcf', '::1', 1585923738, 0x5F5F63695F6C6173745F726567656E65726174657C693A313538353932333638373B69645F757365727C733A313A2231223B6E616D617C733A373A224D2E20546F6861223B6C6576656C7C733A313A2231223B656D61696C7C733A32323A22746F68616B6570726962656E40676D61696C2E636F6D223B68707C733A31323A22303839363730353831393234223B);
INSERT INTO `ci_sessions` VALUES ('kggmrhrpkqdj532pmd7frjn9sv2k4agg', '::1', 1585924293, 0x5F5F63695F6C6173745F726567656E65726174657C693A313538353932333939383B69645F757365727C733A313A2231223B6E616D617C733A373A224D2E20546F6861223B6C6576656C7C733A313A2231223B656D61696C7C733A32323A22746F68616B6570726962656E40676D61696C2E636F6D223B68707C733A31323A22303839363730353831393234223B);
INSERT INTO `ci_sessions` VALUES ('shumnnqtjf935mk1irsu6fig0oj5jfn9', '::1', 1585924617, 0x5F5F63695F6C6173745F726567656E65726174657C693A313538353932343337353B69645F757365727C733A313A2231223B6E616D617C733A373A224D2E20546F6861223B6C6576656C7C733A313A2231223B656D61696C7C733A32323A22746F68616B6570726962656E40676D61696C2E636F6D223B68707C733A31323A22303839363730353831393234223B);
INSERT INTO `ci_sessions` VALUES ('bbgd22u689689uubk6f1udp68ncfdsj1', '::1', 1585925065, 0x5F5F63695F6C6173745F726567656E65726174657C693A313538353932343737323B69645F757365727C733A313A2231223B6E616D617C733A373A224D2E20546F6861223B6C6576656C7C733A313A2231223B656D61696C7C733A32323A22746F68616B6570726962656E40676D61696C2E636F6D223B68707C733A31323A22303839363730353831393234223B);
INSERT INTO `ci_sessions` VALUES ('n2689vu5m7164j7ogiiib2eo37531ao6', '::1', 1585925426, 0x5F5F63695F6C6173745F726567656E65726174657C693A313538353932353431373B69645F757365727C733A313A2231223B6E616D617C733A373A224D2E20546F6861223B6C6576656C7C733A313A2231223B656D61696C7C733A32323A22746F68616B6570726962656E40676D61696C2E636F6D223B68707C733A31323A22303839363730353831393234223B);
INSERT INTO `ci_sessions` VALUES ('di0vtbienb8s3rmar9fnhdgh13kdb8p3', '::1', 1585927628, 0x5F5F63695F6C6173745F726567656E65726174657C693A313538353932373632383B69645F757365727C733A313A2231223B6E616D617C733A373A224D2E20546F6861223B6C6576656C7C733A313A2231223B656D61696C7C733A32323A22746F68616B6570726962656E40676D61696C2E636F6D223B68707C733A31323A22303839363730353831393234223B);
INSERT INTO `ci_sessions` VALUES ('o1mcmnh14e6dapei3emae5u9dm601pp5', '::1', 1585990430, 0x5F5F63695F6C6173745F726567656E65726174657C693A313538353939303433303B69645F757365727C733A313A2231223B6E616D617C733A373A224D2E20546F6861223B6C6576656C7C733A313A2231223B656D61696C7C733A32323A22746F68616B6570726962656E40676D61696C2E636F6D223B68707C733A31323A22303839363730353831393234223B);
INSERT INTO `ci_sessions` VALUES ('rnn0b7o129ffj9ijl2rp3nd313sf18ld', '::1', 1586058299, 0x5F5F63695F6C6173745F726567656E65726174657C693A313538363035383239393B);
INSERT INTO `ci_sessions` VALUES ('bbout6udl2j8ioh6n7ka4l21gs5sf6ul', '::1', 1586058300, 0x5F5F63695F6C6173745F726567656E65726174657C693A313538363035383330303B);
INSERT INTO `ci_sessions` VALUES ('td2rd1skohi2rt9cg1dn119mi0hfjln8', '::1', 1586076822, 0x5F5F63695F6C6173745F726567656E65726174657C693A313538363037363536303B69645F757365727C733A313A2231223B6E616D617C733A373A224D2E20546F6861223B6C6576656C7C733A313A2231223B656D61696C7C733A32323A22746F68616B6570726962656E40676D61696C2E636F6D223B68707C733A31323A22303839363730353831393234223B);
INSERT INTO `ci_sessions` VALUES ('1a196dgmcldg8u4goc5636ecbtfa7ln3', '::1', 1586077126, 0x5F5F63695F6C6173745F726567656E65726174657C693A313538363037363933323B69645F757365727C733A313A2231223B6E616D617C733A373A224D2E20546F6861223B6C6576656C7C733A313A2231223B656D61696C7C733A32323A22746F68616B6570726962656E40676D61696C2E636F6D223B68707C733A31323A22303839363730353831393234223B);
INSERT INTO `ci_sessions` VALUES ('8m689juarntlrh5135on62dplo5tsdkt', '::1', 1586086430, 0x5F5F63695F6C6173745F726567656E65726174657C693A313538363038363330353B69645F757365727C733A313A2231223B6E616D617C733A373A224D2E20546F6861223B6C6576656C7C733A313A2231223B656D61696C7C733A32323A22746F68616B6570726962656E40676D61696C2E636F6D223B68707C733A31323A22303839363730353831393234223B);
INSERT INTO `ci_sessions` VALUES ('rk3fvhqse01sr5plem280d5bhon0jfel', '::1', 1586086982, 0x5F5F63695F6C6173745F726567656E65726174657C693A313538363038363738353B69645F757365727C733A313A2231223B6E616D617C733A373A224D2E20546F6861223B6C6576656C7C733A313A2231223B656D61696C7C733A32323A22746F68616B6570726962656E40676D61696C2E636F6D223B68707C733A31323A22303839363730353831393234223B);
INSERT INTO `ci_sessions` VALUES ('7of7g2mcka588aeed7c8dbj997unkotd', '::1', 1586093069, 0x5F5F63695F6C6173745F726567656E65726174657C693A313538363039333032343B69645F757365727C733A313A2231223B6E616D617C733A373A224D2E20546F6861223B6C6576656C7C733A313A2231223B656D61696C7C733A32323A22746F68616B6570726962656E40676D61696C2E636F6D223B68707C733A31323A22303839363730353831393234223B);
INSERT INTO `ci_sessions` VALUES ('5egirruc29k60m486u0384kag7efc7am', '::1', 1586093513, 0x5F5F63695F6C6173745F726567656E65726174657C693A313538363039333336343B69645F757365727C733A313A2231223B6E616D617C733A373A224D2E20546F6861223B6C6576656C7C733A313A2231223B656D61696C7C733A32323A22746F68616B6570726962656E40676D61696C2E636F6D223B68707C733A31323A22303839363730353831393234223B);
INSERT INTO `ci_sessions` VALUES ('0gkuk25fdhu8g6s12ghlrqks7mtof5h0', '::1', 1586101189, 0x5F5F63695F6C6173745F726567656E65726174657C693A313538363130303937303B69645F757365727C733A313A2231223B6E616D617C733A373A224D2E20546F6861223B6C6576656C7C733A313A2231223B656D61696C7C733A32323A22746F68616B6570726962656E40676D61696C2E636F6D223B68707C733A31323A22303839363730353831393234223B);
INSERT INTO `ci_sessions` VALUES ('19fe3rq2pncbcugkfplpkg50vv5jm26d', '::1', 1586102702, 0x5F5F63695F6C6173745F726567656E65726174657C693A313538363130323430383B69645F757365727C733A313A2231223B6E616D617C733A373A224D2E20546F6861223B6C6576656C7C733A313A2231223B656D61696C7C733A32323A22746F68616B6570726962656E40676D61696C2E636F6D223B68707C733A31323A22303839363730353831393234223B);
INSERT INTO `ci_sessions` VALUES ('9digoeakf8r62heev9sl800bq6jlht75', '::1', 1586102720, 0x5F5F63695F6C6173745F726567656E65726174657C693A313538363130323730393B69645F757365727C733A313A2231223B6E616D617C733A373A224D2E20546F6861223B6C6576656C7C733A313A2231223B656D61696C7C733A32323A22746F68616B6570726962656E40676D61696C2E636F6D223B68707C733A31323A22303839363730353831393234223B);
INSERT INTO `ci_sessions` VALUES ('shuv8epch4vnpboaosa75951n585ldlf', '::1', 1586103477, 0x5F5F63695F6C6173745F726567656E65726174657C693A313538363130333435313B69645F757365727C733A313A2231223B6E616D617C733A373A224D2E20546F6861223B6C6576656C7C733A313A2231223B656D61696C7C733A32323A22746F68616B6570726962656E40676D61696C2E636F6D223B68707C733A31323A22303839363730353831393234223B);
INSERT INTO `ci_sessions` VALUES ('ovs32nsqm6novv77qn3eg5828km52g3s', '::1', 1586103937, 0x5F5F63695F6C6173745F726567656E65726174657C693A313538363130333839303B69645F757365727C733A313A2231223B6E616D617C733A373A224D2E20546F6861223B6C6576656C7C733A313A2231223B656D61696C7C733A32323A22746F68616B6570726962656E40676D61696C2E636F6D223B68707C733A31323A22303839363730353831393234223B);
INSERT INTO `ci_sessions` VALUES ('opgp6lkgais8ha0r0ssrr3p3d39gfadb', '::1', 1586105528, 0x5F5F63695F6C6173745F726567656E65726174657C693A313538363130353231393B69645F757365727C733A313A2231223B6E616D617C733A373A224D2E20546F6861223B6C6576656C7C733A313A2231223B656D61696C7C733A32323A22746F68616B6570726962656E40676D61696C2E636F6D223B68707C733A31323A22303839363730353831393234223B);
INSERT INTO `ci_sessions` VALUES ('bgg5fnukfgflc28knb8n2h91uqq2972t', '::1', 1586106147, 0x5F5F63695F6C6173745F726567656E65726174657C693A313538363130353834313B69645F757365727C733A313A2231223B6E616D617C733A373A224D2E20546F6861223B6C6576656C7C733A313A2231223B656D61696C7C733A32323A22746F68616B6570726962656E40676D61696C2E636F6D223B68707C733A31323A22303839363730353831393234223B);
INSERT INTO `ci_sessions` VALUES ('ktdc8gasuud535s6tba14qgd3fehuvht', '::1', 1586108977, 0x5F5F63695F6C6173745F726567656E65726174657C693A313538363130363134373B69645F757365727C733A313A2231223B6E616D617C733A373A224D2E20546F6861223B6C6576656C7C733A313A2231223B656D61696C7C733A32323A22746F68616B6570726962656E40676D61696C2E636F6D223B68707C733A31323A22303839363730353831393234223B);
INSERT INTO `ci_sessions` VALUES ('aucjaf9u8ojlp7nc6iu0urqic6ma2ed7', '::1', 1586108977, 0x5F5F63695F6C6173745F726567656E65726174657C693A313538363130383937373B69645F757365727C733A313A2231223B6E616D617C733A373A224D2E20546F6861223B6C6576656C7C733A313A2231223B656D61696C7C733A32323A22746F68616B6570726962656E40676D61696C2E636F6D223B68707C733A31323A22303839363730353831393234223B);
INSERT INTO `ci_sessions` VALUES ('dv9rro4srh2ljo76g35eem9jr5qjpg37', '::1', 1586146276, 0x5F5F63695F6C6173745F726567656E65726174657C693A313538363134363230323B69645F757365727C733A313A2231223B6E616D617C733A373A224D2E20546F6861223B6C6576656C7C733A313A2231223B656D61696C7C733A32323A22746F68616B6570726962656E40676D61696C2E636F6D223B68707C733A31323A22303839363730353831393234223B);
INSERT INTO `ci_sessions` VALUES ('l6bij5i8dppafrire4kjlou7j260ht4n', '::1', 1586149535, 0x5F5F63695F6C6173745F726567656E65726174657C693A313538363134393435373B69645F757365727C733A313A2237223B6E616D617C733A383A22416D69727564696E223B6C6576656C7C733A313A2232223B656D61696C7C733A31343A22616D697240676D61696C2E636F6D223B68707C733A31313A223031323334353637383930223B);
INSERT INTO `ci_sessions` VALUES ('p146r7ku63c8quqa82a4rbh3kug8mabn', '::1', 1586149931, 0x5F5F63695F6C6173745F726567656E65726174657C693A313538363134393831363B69645F757365727C733A313A2237223B6E616D617C733A383A22416D69727564696E223B6C6576656C7C733A313A2232223B656D61696C7C733A31343A22616D697240676D61696C2E636F6D223B68707C733A31313A223031323334353637383930223B);
INSERT INTO `ci_sessions` VALUES ('dpejdfphm5ipc1fpefijtvoq6ihubq08', '::1', 1586175870, 0x5F5F63695F6C6173745F726567656E65726174657C693A313538363137353539323B69645F757365727C733A313A2231223B6E616D617C733A373A224D2E20546F6861223B6C6576656C7C733A313A2231223B656D61696C7C733A32323A22746F68616B6570726962656E40676D61696C2E636F6D223B68707C733A31323A22303839363730353831393234223B);
INSERT INTO `ci_sessions` VALUES ('72lvl3q7tn5ukailijlggut8ugah3hq3', '::1', 1586175900, 0x5F5F63695F6C6173745F726567656E65726174657C693A313538363137353930303B69645F757365727C733A313A2231223B6E616D617C733A373A224D2E20546F6861223B6C6576656C7C733A313A2231223B656D61696C7C733A32323A22746F68616B6570726962656E40676D61696C2E636F6D223B68707C733A31323A22303839363730353831393234223B);
INSERT INTO `ci_sessions` VALUES ('1v1k8ibp8q2uoam4l7ib58inpoochvid', '::1', 1586176387, 0x5F5F63695F6C6173745F726567656E65726174657C693A313538363137363236363B69645F757365727C733A313A2231223B6E616D617C733A373A224D2E20546F6861223B6C6576656C7C733A313A2231223B656D61696C7C733A32323A22746F68616B6570726962656E40676D61696C2E636F6D223B68707C733A31323A22303839363730353831393234223B);
INSERT INTO `ci_sessions` VALUES ('tt8qboahvv0iti2u1n22t0mobfh8jo7c', '::1', 1586177017, 0x5F5F63695F6C6173745F726567656E65726174657C693A313538363137363935323B69645F757365727C733A313A2231223B6E616D617C733A373A224D2E20546F6861223B6C6576656C7C733A313A2231223B656D61696C7C733A32323A22746F68616B6570726962656E40676D61696C2E636F6D223B68707C733A31323A22303839363730353831393234223B);
INSERT INTO `ci_sessions` VALUES ('4uvkasvlp0g5m6hv7t8vqvn3khj0dnsp', '::1', 1586177488, 0x5F5F63695F6C6173745F726567656E65726174657C693A313538363137373334333B69645F757365727C733A313A2231223B6E616D617C733A373A224D2E20546F6861223B6C6576656C7C733A313A2231223B656D61696C7C733A32323A22746F68616B6570726962656E40676D61696C2E636F6D223B68707C733A31323A22303839363730353831393234223B);
INSERT INTO `ci_sessions` VALUES ('oc5n1g1hefeja01tg8igsk9pim0n130p', '::1', 1586185648, 0x5F5F63695F6C6173745F726567656E65726174657C693A313538363138353533393B69645F757365727C733A313A2231223B6E616D617C733A373A224D2E20546F6861223B6C6576656C7C733A313A2231223B656D61696C7C733A32323A22746F68616B6570726962656E40676D61696C2E636F6D223B68707C733A31323A22303839363730353831393234223B);
INSERT INTO `ci_sessions` VALUES ('s07uvh8cr2if8tbpaec05t0t67rsl3cc', '::1', 1586186385, 0x5F5F63695F6C6173745F726567656E65726174657C693A313538363138363032323B69645F757365727C733A313A2231223B6E616D617C733A373A224D2E20546F6861223B6C6576656C7C733A313A2231223B656D61696C7C733A32323A22746F68616B6570726962656E40676D61696C2E636F6D223B68707C733A31323A22303839363730353831393234223B);
INSERT INTO `ci_sessions` VALUES ('cvek342a1jabsms4m9pd8uldjt92tfvg', '::1', 1586186453, 0x5F5F63695F6C6173745F726567656E65726174657C693A313538363138363435333B69645F757365727C733A313A2231223B6E616D617C733A373A224D2E20546F6861223B6C6576656C7C733A313A2231223B656D61696C7C733A32323A22746F68616B6570726962656E40676D61696C2E636F6D223B68707C733A31323A22303839363730353831393234223B);
INSERT INTO `ci_sessions` VALUES ('og5lf7ptrbb9rhrfiieo3bsp3sulmfii', '::1', 1586186501, 0x5F5F63695F6C6173745F726567656E65726174657C693A313538363138363437353B69645F757365727C733A313A2237223B6E616D617C733A383A22416D69727564696E223B6C6576656C7C733A313A2232223B656D61696C7C733A31343A22616D697240676D61696C2E636F6D223B68707C733A31313A223031323334353637383930223B);
INSERT INTO `ci_sessions` VALUES ('npas0dr0d977v95e1tuidgeur68a9o9i', '::1', 1586194198, 0x5F5F63695F6C6173745F726567656E65726174657C693A313538363139333331353B69645F757365727C733A313A2231223B6E616D617C733A373A224D2E20546F6861223B6C6576656C7C733A313A2231223B656D61696C7C733A32323A22746F68616B6570726962656E40676D61696C2E636F6D223B68707C733A31323A22303839363730353831393234223B);
INSERT INTO `ci_sessions` VALUES ('v23bstv86f9s6ar694uuo2vkd3gp804c', '::1', 1586194363, 0x5F5F63695F6C6173745F726567656E65726174657C693A313538363139343232343B69645F757365727C733A313A2231223B6E616D617C733A373A224D2E20546F6861223B6C6576656C7C733A313A2231223B656D61696C7C733A32323A22746F68616B6570726962656E40676D61696C2E636F6D223B68707C733A31323A22303839363730353831393234223B);
INSERT INTO `ci_sessions` VALUES ('ndelj918ub6h2o5djcn78cq90l5tvii4', '::1', 1586194915, 0x5F5F63695F6C6173745F726567656E65726174657C693A313538363139343835323B69645F757365727C733A313A2231223B6E616D617C733A373A224D2E20546F6861223B6C6576656C7C733A313A2231223B656D61696C7C733A32323A22746F68616B6570726962656E40676D61696C2E636F6D223B68707C733A31323A22303839363730353831393234223B);
INSERT INTO `ci_sessions` VALUES ('lble97lo2g4on519qcflu8s3rip88kr0', '::1', 1586196329, 0x5F5F63695F6C6173745F726567656E65726174657C693A313538363139363035313B69645F757365727C733A313A2231223B6E616D617C733A373A224D2E20546F6861223B6C6576656C7C733A313A2231223B656D61696C7C733A32323A22746F68616B6570726962656E40676D61696C2E636F6D223B68707C733A31323A22303839363730353831393234223B);
INSERT INTO `ci_sessions` VALUES ('2a9mormtira68des9vo5hsjd545udlug', '::1', 1586196749, 0x5F5F63695F6C6173745F726567656E65726174657C693A313538363139363536333B69645F757365727C733A313A2231223B6E616D617C733A373A224D2E20546F6861223B6C6576656C7C733A313A2231223B656D61696C7C733A32323A22746F68616B6570726962656E40676D61696C2E636F6D223B68707C733A31323A22303839363730353831393234223B);
INSERT INTO `ci_sessions` VALUES ('fdlucutle70dculmuq131smmja135480', '::1', 1586197461, 0x5F5F63695F6C6173745F726567656E65726174657C693A313538363139373433303B69645F757365727C733A313A2231223B6E616D617C733A373A224D2E20546F6861223B6C6576656C7C733A313A2231223B656D61696C7C733A32323A22746F68616B6570726962656E40676D61696C2E636F6D223B68707C733A31323A22303839363730353831393234223B);
INSERT INTO `ci_sessions` VALUES ('f4b5qjepf7tgdf1gtf9vf2ascgpgiv1p', '::1', 1586197838, 0x5F5F63695F6C6173745F726567656E65726174657C693A313538363139373833313B69645F757365727C733A313A2231223B6E616D617C733A373A224D2E20546F6861223B6C6576656C7C733A313A2231223B656D61696C7C733A32323A22746F68616B6570726962656E40676D61696C2E636F6D223B68707C733A31323A22303839363730353831393234223B);
INSERT INTO `ci_sessions` VALUES ('nkb0092fevs8lhd1f4eppd6h5kmhcciq', '::1', 1586198852, 0x5F5F63695F6C6173745F726567656E65726174657C693A313538363139383831353B69645F757365727C733A313A2231223B6E616D617C733A373A224D2E20546F6861223B6C6576656C7C733A313A2231223B656D61696C7C733A32323A22746F68616B6570726962656E40676D61696C2E636F6D223B68707C733A31323A22303839363730353831393234223B);
INSERT INTO `ci_sessions` VALUES ('1od4dmh15r7u98a67uofei02s96t0kn6', '::1', 1586200775, 0x5F5F63695F6C6173745F726567656E65726174657C693A313538363230303437353B69645F757365727C733A313A2231223B6E616D617C733A373A224D2E20546F6861223B6C6576656C7C733A313A2231223B656D61696C7C733A32323A22746F68616B6570726962656E40676D61696C2E636F6D223B68707C733A31323A22303839363730353831393234223B);
INSERT INTO `ci_sessions` VALUES ('sqoba2l1c2ljb6vhd37bmsklhmh3vmji', '::1', 1586201034, 0x5F5F63695F6C6173745F726567656E65726174657C693A313538363230303738313B69645F757365727C733A313A2231223B6E616D617C733A373A224D2E20546F6861223B6C6576656C7C733A313A2231223B656D61696C7C733A32323A22746F68616B6570726962656E40676D61696C2E636F6D223B68707C733A31323A22303839363730353831393234223B);
INSERT INTO `ci_sessions` VALUES ('ec9ua8d8mrndablcugkfbq3a5fmfo6n6', '::1', 1586201594, 0x5F5F63695F6C6173745F726567656E65726174657C693A313538363230313331373B69645F757365727C733A313A2231223B6E616D617C733A373A224D2E20546F6861223B6C6576656C7C733A313A2231223B656D61696C7C733A32323A22746F68616B6570726962656E40676D61696C2E636F6D223B68707C733A31323A22303839363730353831393234223B);
INSERT INTO `ci_sessions` VALUES ('c2rms3iv2dg1efjci6kh6c0ipa5pbjin', '::1', 1586278211, 0x5F5F63695F6C6173745F726567656E65726174657C693A313538363237373936383B);
INSERT INTO `ci_sessions` VALUES ('n88prlmnrmp5100cererl4gt07op9fh1', '::1', 1586278381, 0x5F5F63695F6C6173745F726567656E65726174657C693A313538363237383337383B);
INSERT INTO `ci_sessions` VALUES ('v57ktshgam1qvctt5ghbq91fkt2a7eaf', '::1', 1586279277, 0x5F5F63695F6C6173745F726567656E65726174657C693A313538363237393032373B);
INSERT INTO `ci_sessions` VALUES ('uvpkr1ar91cqiks87o8ob5a54ej7a9b8', '::1', 1586279333, 0x5F5F63695F6C6173745F726567656E65726174657C693A313538363237393333303B);
INSERT INTO `ci_sessions` VALUES ('guqghijf4lbrnfhem643tc9hk846id2o', '::1', 1586282703, 0x5F5F63695F6C6173745F726567656E65726174657C693A313538363238323032343B69645F757365727C733A313A2231223B6E616D617C733A373A224D2E20546F6861223B6C6576656C7C733A313A2231223B656D61696C7C733A32323A22746F68616B6570726962656E40676D61696C2E636F6D223B68707C733A31323A22303839363730353831393234223B6C6F67696E5F73756B7365737C623A313B5F5F63695F766172737C613A313A7B733A31323A226C6F67696E5F73756B736573223B733A333A226E6577223B7D);
INSERT INTO `ci_sessions` VALUES ('mjd8s6b7h1t7qdgfm53n0po8c9e871n7', '::1', 1586282489, 0x5F5F63695F6C6173745F726567656E65726174657C693A313538363238323235393B69645F757365727C733A313A2237223B6E616D617C733A383A22416D69727564696E223B6C6576656C7C733A313A2232223B656D61696C7C733A31343A22616D697240676D61696C2E636F6D223B68707C733A31313A223031323334353637383930223B);
INSERT INTO `ci_sessions` VALUES ('rti5r0rm5jsmro00ntpatjh6j7cf72or', '::1', 1586282642, 0x5F5F63695F6C6173745F726567656E65726174657C693A313538363238323631333B69645F757365727C733A313A2237223B6E616D617C733A383A22416D69727564696E223B6C6576656C7C733A313A2232223B656D61696C7C733A31343A22616D697240676D61696C2E636F6D223B68707C733A31313A223031323334353637383930223B);
INSERT INTO `ci_sessions` VALUES ('2kko4tlt89p5e5uit83j3tem7lmscosg', '::1', 1586282910, 0x5F5F63695F6C6173745F726567656E65726174657C693A313538363238323730333B69645F757365727C733A313A2231223B6E616D617C733A373A224D2E20546F6861223B6C6576656C7C733A313A2231223B656D61696C7C733A32323A22746F68616B6570726962656E40676D61696C2E636F6D223B68707C733A31323A22303839363730353831393234223B);
INSERT INTO `ci_sessions` VALUES ('7tq384geg7kldlrpvtkk2bupmc8htlo4', '::1', 1586283734, 0x5F5F63695F6C6173745F726567656E65726174657C693A313538363238333537373B69645F757365727C733A313A2237223B6E616D617C733A383A22416D69727564696E223B6C6576656C7C733A313A2232223B656D61696C7C733A31343A22616D697240676D61696C2E636F6D223B68707C733A31313A223031323334353637383930223B);
INSERT INTO `ci_sessions` VALUES ('j5gdar52lm2uit2c41bgav9cmhsp6irr', '::1', 1586285578, 0x5F5F63695F6C6173745F726567656E65726174657C693A313538363238353338303B69645F757365727C733A313A2231223B6E616D617C733A373A224D2E20546F6861223B6C6576656C7C733A313A2231223B656D61696C7C733A32323A22746F68616B6570726962656E40676D61696C2E636F6D223B68707C733A31323A22303839363730353831393234223B);
INSERT INTO `ci_sessions` VALUES ('tmfbb70da2qk40fa545gc3kju57h575f', '::1', 1586285792, 0x5F5F63695F6C6173745F726567656E65726174657C693A313538363238353739323B69645F757365727C733A313A2231223B6E616D617C733A373A224D2E20546F6861223B6C6576656C7C733A313A2231223B656D61696C7C733A32323A22746F68616B6570726962656E40676D61696C2E636F6D223B68707C733A31323A22303839363730353831393234223B);
INSERT INTO `ci_sessions` VALUES ('h9pbtmh1d8496244505pbv747grchq3e', '::1', 1586286044, 0x5F5F63695F6C6173745F726567656E65726174657C693A313538363238363034343B69645F757365727C733A313A2237223B6E616D617C733A383A22416D69727564696E223B6C6576656C7C733A313A2232223B656D61696C7C733A31343A22616D697240676D61696C2E636F6D223B68707C733A31313A223031323334353637383930223B);
INSERT INTO `ci_sessions` VALUES ('j72l72qoavvq6frt77p19gu4u5o72kc8', '::1', 1586287997, 0x5F5F63695F6C6173745F726567656E65726174657C693A313538363238373631393B69645F757365727C733A313A2231223B6E616D617C733A373A224D2E20546F6861223B6C6576656C7C733A313A2231223B656D61696C7C733A32323A22746F68616B6570726962656E40676D61696C2E636F6D223B68707C733A31323A22303839363730353831393234223B);
INSERT INTO `ci_sessions` VALUES ('k1ios8ql9qdc3uqvqsfbvca4tjhmf0oc', '::1', 1586288455, 0x5F5F63695F6C6173745F726567656E65726174657C693A313538363238383237323B69645F757365727C733A313A2231223B6E616D617C733A373A224D2E20546F6861223B6C6576656C7C733A313A2231223B656D61696C7C733A32323A22746F68616B6570726962656E40676D61696C2E636F6D223B68707C733A31323A22303839363730353831393234223B);
INSERT INTO `ci_sessions` VALUES ('b9ced34lcmmdlon33auh482ecbdaoapm', '::1', 1586288959, 0x5F5F63695F6C6173745F726567656E65726174657C693A313538363238383731373B69645F757365727C733A313A2231223B6E616D617C733A373A224D2E20546F6861223B6C6576656C7C733A313A2231223B656D61696C7C733A32323A22746F68616B6570726962656E40676D61696C2E636F6D223B68707C733A31323A22303839363730353831393234223B);
INSERT INTO `ci_sessions` VALUES ('eru5kv63ggvbua2lcrcarihnu0e31dlf', '::1', 1586289555, 0x5F5F63695F6C6173745F726567656E65726174657C693A313538363238393332333B69645F757365727C733A313A2231223B6E616D617C733A373A224D2E20546F6861223B6C6576656C7C733A313A2231223B656D61696C7C733A32323A22746F68616B6570726962656E40676D61696C2E636F6D223B68707C733A31323A22303839363730353831393234223B);
INSERT INTO `ci_sessions` VALUES ('fafocek1qb6kppetf69oulo52ld3n5l0', '::1', 1586290082, 0x5F5F63695F6C6173745F726567656E65726174657C693A313538363238393938313B69645F757365727C733A313A2231223B6E616D617C733A373A224D2E20546F6861223B6C6576656C7C733A313A2231223B656D61696C7C733A32323A22746F68616B6570726962656E40676D61696C2E636F6D223B68707C733A31323A22303839363730353831393234223B);

-- ----------------------------
-- Table structure for tbl_kecamatan
-- ----------------------------
DROP TABLE IF EXISTS `tbl_kecamatan`;
CREATE TABLE `tbl_kecamatan`  (
  `id` int(11) NOT NULL AUTO_INCREMENT,
  `kecamatan` varchar(50) CHARACTER SET utf8 COLLATE utf8_general_ci NULL DEFAULT NULL,
  PRIMARY KEY (`id`) USING BTREE
) ENGINE = InnoDB AUTO_INCREMENT = 18 CHARACTER SET = utf8 COLLATE = utf8_general_ci ROW_FORMAT = Compact;

-- ----------------------------
-- Records of tbl_kecamatan
-- ----------------------------
INSERT INTO `tbl_kecamatan` VALUES (1, 'Banjarharjo');
INSERT INTO `tbl_kecamatan` VALUES (2, 'Bantarkawung');
INSERT INTO `tbl_kecamatan` VALUES (3, 'Brebes');
INSERT INTO `tbl_kecamatan` VALUES (4, 'Bulakamba');
INSERT INTO `tbl_kecamatan` VALUES (5, 'Bumiayu');
INSERT INTO `tbl_kecamatan` VALUES (6, 'Jatibarang');
INSERT INTO `tbl_kecamatan` VALUES (7, 'Kersana');
INSERT INTO `tbl_kecamatan` VALUES (8, 'Ketanggungan');
INSERT INTO `tbl_kecamatan` VALUES (9, 'Larangan');
INSERT INTO `tbl_kecamatan` VALUES (10, 'Losari');
INSERT INTO `tbl_kecamatan` VALUES (11, 'Paguyangan');
INSERT INTO `tbl_kecamatan` VALUES (12, 'Salem');
INSERT INTO `tbl_kecamatan` VALUES (13, 'Sirampog');
INSERT INTO `tbl_kecamatan` VALUES (14, 'Songgom');
INSERT INTO `tbl_kecamatan` VALUES (15, 'Tanjung');
INSERT INTO `tbl_kecamatan` VALUES (16, 'Tonjong');
INSERT INTO `tbl_kecamatan` VALUES (17, 'Wanasari');

-- ----------------------------
-- Table structure for tbl_kelurahan
-- ----------------------------
DROP TABLE IF EXISTS `tbl_kelurahan`;
CREATE TABLE `tbl_kelurahan`  (
  `id` int(11) NOT NULL AUTO_INCREMENT,
  `id_kecamatan` int(11) NULL DEFAULT NULL,
  `kelurahan` varchar(50) CHARACTER SET utf8 COLLATE utf8_general_ci NULL DEFAULT NULL,
  `kd_pos` int(6) NULL DEFAULT NULL,
  PRIMARY KEY (`id`) USING BTREE
) ENGINE = InnoDB AUTO_INCREMENT = 299 CHARACTER SET = utf8 COLLATE = utf8_general_ci ROW_FORMAT = Compact;

-- ----------------------------
-- Records of tbl_kelurahan
-- ----------------------------
INSERT INTO `tbl_kelurahan` VALUES (1, 1, 'Bandungsari', 52265);
INSERT INTO `tbl_kelurahan` VALUES (2, 1, 'Banjar Lor', 52265);
INSERT INTO `tbl_kelurahan` VALUES (3, 1, 'Banjarharjo', 52265);
INSERT INTO `tbl_kelurahan` VALUES (4, 1, 'Blandongan', 52265);
INSERT INTO `tbl_kelurahan` VALUES (5, 1, 'Ciawi', 52265);
INSERT INTO `tbl_kelurahan` VALUES (6, 1, 'Cibendung', 52265);
INSERT INTO `tbl_kelurahan` VALUES (7, 1, 'Cibuniwangi', 52265);
INSERT INTO `tbl_kelurahan` VALUES (8, 1, 'Cigadung', 52265);
INSERT INTO `tbl_kelurahan` VALUES (9, 1, 'Cihaur', 52265);
INSERT INTO `tbl_kelurahan` VALUES (10, 1, 'Cikakak', 52265);
INSERT INTO `tbl_kelurahan` VALUES (11, 1, 'Cikuya', 52265);
INSERT INTO `tbl_kelurahan` VALUES (12, 1, 'Cimunding', 52265);
INSERT INTO `tbl_kelurahan` VALUES (13, 1, 'Cipajang', 52265);
INSERT INTO `tbl_kelurahan` VALUES (14, 1, 'Dukuhjeruk', 52265);
INSERT INTO `tbl_kelurahan` VALUES (15, 1, 'Karangmaja', 52265);
INSERT INTO `tbl_kelurahan` VALUES (16, 1, 'Kertasari', 52265);
INSERT INTO `tbl_kelurahan` VALUES (17, 1, 'Kubangjero', 52265);
INSERT INTO `tbl_kelurahan` VALUES (18, 1, 'Malahayu', 52265);
INSERT INTO `tbl_kelurahan` VALUES (19, 1, 'Parireja', 52265);
INSERT INTO `tbl_kelurahan` VALUES (20, 1, 'Penanggapan', 52265);
INSERT INTO `tbl_kelurahan` VALUES (21, 1, 'Pende', 52265);
INSERT INTO `tbl_kelurahan` VALUES (22, 1, 'Sindangheula', 52265);
INSERT INTO `tbl_kelurahan` VALUES (23, 1, 'Sukareja', 52265);
INSERT INTO `tbl_kelurahan` VALUES (24, 1, 'Tegalreja', 52265);
INSERT INTO `tbl_kelurahan` VALUES (25, 1, 'Tiwulandu', 52265);
INSERT INTO `tbl_kelurahan` VALUES (26, 2, 'Bangbayang', 52274);
INSERT INTO `tbl_kelurahan` VALUES (27, 2, 'Banjarsari', 52274);
INSERT INTO `tbl_kelurahan` VALUES (28, 2, 'Bantarkawung', 52274);
INSERT INTO `tbl_kelurahan` VALUES (29, 2, 'Bantarwaru', 52274);
INSERT INTO `tbl_kelurahan` VALUES (30, 2, 'Cibentang', 52274);
INSERT INTO `tbl_kelurahan` VALUES (31, 2, 'Cinanas', 52274);
INSERT INTO `tbl_kelurahan` VALUES (32, 2, 'Ciomas', 52274);
INSERT INTO `tbl_kelurahan` VALUES (33, 2, 'Jipang', 52274);
INSERT INTO `tbl_kelurahan` VALUES (34, 2, 'Karangpari', 52274);
INSERT INTO `tbl_kelurahan` VALUES (35, 2, 'Kebandungan', 52274);
INSERT INTO `tbl_kelurahan` VALUES (36, 2, 'Legok', 52274);
INSERT INTO `tbl_kelurahan` VALUES (37, 2, 'Pangebatan', 52274);
INSERT INTO `tbl_kelurahan` VALUES (38, 2, 'Pakiringan', 52274);
INSERT INTO `tbl_kelurahan` VALUES (39, 2, 'Pengarasan', 52274);
INSERT INTO `tbl_kelurahan` VALUES (40, 2, 'Sindangwangi', 52274);
INSERT INTO `tbl_kelurahan` VALUES (41, 2, 'Tambakserang', 52274);
INSERT INTO `tbl_kelurahan` VALUES (42, 2, 'Telaga', 52274);
INSERT INTO `tbl_kelurahan` VALUES (43, 2, 'Terlaya', 52274);
INSERT INTO `tbl_kelurahan` VALUES (44, 2, 'Waru', 52274);
INSERT INTO `tbl_kelurahan` VALUES (45, 3, 'Pasarbatang', 52211);
INSERT INTO `tbl_kelurahan` VALUES (46, 3, 'Brebes', 52212);
INSERT INTO `tbl_kelurahan` VALUES (47, 3, 'Pulosari', 52213);
INSERT INTO `tbl_kelurahan` VALUES (48, 3, 'Padasugih', 52214);
INSERT INTO `tbl_kelurahan` VALUES (49, 3, 'Wangandalem', 52214);
INSERT INTO `tbl_kelurahan` VALUES (50, 3, 'Gandasuli', 52215);
INSERT INTO `tbl_kelurahan` VALUES (51, 3, 'Banjaranyar', 52216);
INSERT INTO `tbl_kelurahan` VALUES (52, 3, 'Kaligangsa Kulon', 52217);
INSERT INTO `tbl_kelurahan` VALUES (53, 3, 'Kaligangsa Wetan', 52217);
INSERT INTO `tbl_kelurahan` VALUES (54, 3, 'Limbangan Wetan', 52218);
INSERT INTO `tbl_kelurahan` VALUES (55, 3, 'Kalimati', 52219);
INSERT INTO `tbl_kelurahan` VALUES (56, 3, 'Kaliwlingi', 52219);
INSERT INTO `tbl_kelurahan` VALUES (57, 3, 'Kedunguter', 52219);
INSERT INTO `tbl_kelurahan` VALUES (58, 3, 'Krasak', 52219);
INSERT INTO `tbl_kelurahan` VALUES (59, 3, 'Lembarawa', 52219);
INSERT INTO `tbl_kelurahan` VALUES (60, 3, 'Limbangan Kulon', 52219);
INSERT INTO `tbl_kelurahan` VALUES (61, 3, 'Pagejugan', 52219);
INSERT INTO `tbl_kelurahan` VALUES (62, 3, 'Pemaron', 52219);
INSERT INTO `tbl_kelurahan` VALUES (63, 3, 'Randusanga Kulon', 52219);
INSERT INTO `tbl_kelurahan` VALUES (64, 3, 'Randusanga Wetan', 52219);
INSERT INTO `tbl_kelurahan` VALUES (65, 3, 'Sigambir', 52219);
INSERT INTO `tbl_kelurahan` VALUES (66, 3, 'Tengki', 52219);
INSERT INTO `tbl_kelurahan` VALUES (67, 3, 'Terlangu', 52219);
INSERT INTO `tbl_kelurahan` VALUES (68, 4, 'Bangsri', 52253);
INSERT INTO `tbl_kelurahan` VALUES (69, 4, 'Banjaratma', 52253);
INSERT INTO `tbl_kelurahan` VALUES (70, 4, 'Bulakamba', 52253);
INSERT INTO `tbl_kelurahan` VALUES (71, 4, 'Bulakparen', 52253);
INSERT INTO `tbl_kelurahan` VALUES (72, 4, 'Bulusari', 52253);
INSERT INTO `tbl_kelurahan` VALUES (73, 4, 'Cimohong', 52253);
INSERT INTO `tbl_kelurahan` VALUES (74, 4, 'Cipelem', 52253);
INSERT INTO `tbl_kelurahan` VALUES (75, 4, 'Dukuhlo', 52253);
INSERT INTO `tbl_kelurahan` VALUES (76, 4, 'Grinting', 52253);
INSERT INTO `tbl_kelurahan` VALUES (77, 4, 'Jubang', 52253);
INSERT INTO `tbl_kelurahan` VALUES (78, 4, 'Karangsari', 52253);
INSERT INTO `tbl_kelurahan` VALUES (79, 4, 'Kluwut', 52253);
INSERT INTO `tbl_kelurahan` VALUES (80, 4, 'Luwungragi', 52253);
INSERT INTO `tbl_kelurahan` VALUES (81, 4, 'Pakijangan', 52253);
INSERT INTO `tbl_kelurahan` VALUES (82, 4, 'Petunjungan', 52253);
INSERT INTO `tbl_kelurahan` VALUES (83, 4, 'Pulogading', 52253);
INSERT INTO `tbl_kelurahan` VALUES (84, 4, 'Rancawuluh', 52253);
INSERT INTO `tbl_kelurahan` VALUES (85, 4, 'Siwuluh', 52253);
INSERT INTO `tbl_kelurahan` VALUES (86, 4, 'Tegalglagah', 52253);
INSERT INTO `tbl_kelurahan` VALUES (87, 5, 'Adisana', 52273);
INSERT INTO `tbl_kelurahan` VALUES (88, 5, 'Bumiayu', 52273);
INSERT INTO `tbl_kelurahan` VALUES (89, 5, 'Dukuhturi', 52273);
INSERT INTO `tbl_kelurahan` VALUES (90, 5, 'Jatisawit', 52273);
INSERT INTO `tbl_kelurahan` VALUES (91, 5, 'Kalierang', 52273);
INSERT INTO `tbl_kelurahan` VALUES (92, 5, 'Kalilangkap', 52273);
INSERT INTO `tbl_kelurahan` VALUES (93, 5, 'Kalinusu', 52273);
INSERT INTO `tbl_kelurahan` VALUES (94, 5, 'Kalisumur', 52273);
INSERT INTO `tbl_kelurahan` VALUES (95, 5, 'Kaliwadas', 52273);
INSERT INTO `tbl_kelurahan` VALUES (96, 5, 'Langkap', 52273);
INSERT INTO `tbl_kelurahan` VALUES (97, 5, 'Laren', 52273);
INSERT INTO `tbl_kelurahan` VALUES (98, 5, 'Negaradaha', 52273);
INSERT INTO `tbl_kelurahan` VALUES (99, 5, 'Pamijen', 52273);
INSERT INTO `tbl_kelurahan` VALUES (100, 5, 'Panggarutan', 52273);
INSERT INTO `tbl_kelurahan` VALUES (101, 5, 'Pruwatan', 52273);
INSERT INTO `tbl_kelurahan` VALUES (102, 6, 'Bojong', 52261);
INSERT INTO `tbl_kelurahan` VALUES (103, 6, 'Buaran', 52261);
INSERT INTO `tbl_kelurahan` VALUES (104, 6, 'Janegara', 52261);
INSERT INTO `tbl_kelurahan` VALUES (105, 6, 'Jatibarang Kidul', 52261);
INSERT INTO `tbl_kelurahan` VALUES (106, 6, 'Jatibarang Lor', 52261);
INSERT INTO `tbl_kelurahan` VALUES (107, 6, 'Kalialang', 52261);
INSERT INTO `tbl_kelurahan` VALUES (108, 6, 'Kalipucang', 52261);
INSERT INTO `tbl_kelurahan` VALUES (109, 6, 'Karanglo', 52261);
INSERT INTO `tbl_kelurahan` VALUES (110, 6, 'Kebogadung', 52261);
INSERT INTO `tbl_kelurahan` VALUES (111, 6, 'Kebonagung', 52261);
INSERT INTO `tbl_kelurahan` VALUES (112, 6, 'Kedungtukang', 52261);
INSERT INTO `tbl_kelurahan` VALUES (113, 6, 'Kemiriamba', 52261);
INSERT INTO `tbl_kelurahan` VALUES (114, 6, 'Kendawa', 52261);
INSERT INTO `tbl_kelurahan` VALUES (115, 6, 'Kertasinduyasa', 52261);
INSERT INTO `tbl_kelurahan` VALUES (116, 6, 'Klampis', 52261);
INSERT INTO `tbl_kelurahan` VALUES (117, 6, 'Klikiran', 52261);
INSERT INTO `tbl_kelurahan` VALUES (118, 6, 'Kramat', 52261);
INSERT INTO `tbl_kelurahan` VALUES (119, 6, 'Pamengger', 52261);
INSERT INTO `tbl_kelurahan` VALUES (120, 6, 'Pedeslohor', 52261);
INSERT INTO `tbl_kelurahan` VALUES (121, 6, 'Rengasbandung', 52261);
INSERT INTO `tbl_kelurahan` VALUES (122, 6, 'Tegalwulung', 52261);
INSERT INTO `tbl_kelurahan` VALUES (123, 6, 'Tembelang', 52261);
INSERT INTO `tbl_kelurahan` VALUES (124, 7, 'Ciampel', 52264);
INSERT INTO `tbl_kelurahan` VALUES (125, 7, 'Cigedog', 52264);
INSERT INTO `tbl_kelurahan` VALUES (126, 7, 'Cikandang', 52264);
INSERT INTO `tbl_kelurahan` VALUES (127, 7, 'Jagapura', 52264);
INSERT INTO `tbl_kelurahan` VALUES (128, 7, 'Kemukten', 52264);
INSERT INTO `tbl_kelurahan` VALUES (129, 7, 'Kersana', 52264);
INSERT INTO `tbl_kelurahan` VALUES (130, 7, 'Kradenan', 52264);
INSERT INTO `tbl_kelurahan` VALUES (131, 7, 'Kramatsampang', 52264);
INSERT INTO `tbl_kelurahan` VALUES (132, 7, 'Kubangpari', 52264);
INSERT INTO `tbl_kelurahan` VALUES (133, 7, 'Limbangan', 52264);
INSERT INTO `tbl_kelurahan` VALUES (134, 7, 'Pende', 52264);
INSERT INTO `tbl_kelurahan` VALUES (135, 7, 'Sindangjaya', 52264);
INSERT INTO `tbl_kelurahan` VALUES (136, 7, 'Sutamaja', 52264);
INSERT INTO `tbl_kelurahan` VALUES (137, 8, 'Baros', 52263);
INSERT INTO `tbl_kelurahan` VALUES (138, 8, 'Buara', 52263);
INSERT INTO `tbl_kelurahan` VALUES (139, 8, 'Bulakelor', 52263);
INSERT INTO `tbl_kelurahan` VALUES (140, 8, 'Ciduwet', 52263);
INSERT INTO `tbl_kelurahan` VALUES (141, 8, 'Cikeusal Kidul', 52263);
INSERT INTO `tbl_kelurahan` VALUES (142, 8, 'Cikeusal Lor', 52263);
INSERT INTO `tbl_kelurahan` VALUES (143, 8, 'Ciseureuh', 52263);
INSERT INTO `tbl_kelurahan` VALUES (144, 8, 'Dukuhtengah', 52263);
INSERT INTO `tbl_kelurahan` VALUES (145, 8, 'Dukuhbadag', 52263);
INSERT INTO `tbl_kelurahan` VALUES (146, 8, 'Dukuhturi', 52263);
INSERT INTO `tbl_kelurahan` VALUES (147, 8, 'Jemasih', 52263);
INSERT INTO `tbl_kelurahan` VALUES (148, 8, 'Karangbandung', 52263);
INSERT INTO `tbl_kelurahan` VALUES (149, 8, 'Karangmalang', 52263);
INSERT INTO `tbl_kelurahan` VALUES (150, 8, 'Ketanggungan', 52263);
INSERT INTO `tbl_kelurahan` VALUES (151, 8, 'Kubangjati', 52263);
INSERT INTO `tbl_kelurahan` VALUES (152, 8, 'Kubangsari', 52263);
INSERT INTO `tbl_kelurahan` VALUES (153, 8, 'Kubangwungu', 52263);
INSERT INTO `tbl_kelurahan` VALUES (154, 8, 'Padakaton', 52263);
INSERT INTO `tbl_kelurahan` VALUES (155, 8, 'Pamedaran', 52263);
INSERT INTO `tbl_kelurahan` VALUES (156, 8, 'Sindangjaya', 52263);
INSERT INTO `tbl_kelurahan` VALUES (157, 8, 'Tanggungsari', 52263);
INSERT INTO `tbl_kelurahan` VALUES (158, 9, 'Kamal', 52262);
INSERT INTO `tbl_kelurahan` VALUES (159, 9, 'Karangbale', 52262);
INSERT INTO `tbl_kelurahan` VALUES (160, 9, 'Kedungbokor', 52262);
INSERT INTO `tbl_kelurahan` VALUES (161, 9, 'Larangan', 52262);
INSERT INTO `tbl_kelurahan` VALUES (162, 9, 'Luwunggede', 52262);
INSERT INTO `tbl_kelurahan` VALUES (163, 9, 'Pamulihan', 52262);
INSERT INTO `tbl_kelurahan` VALUES (164, 9, 'Rengaspendawa', 52262);
INSERT INTO `tbl_kelurahan` VALUES (165, 9, 'Siandong', 52262);
INSERT INTO `tbl_kelurahan` VALUES (166, 9, 'Sitanggal', 52262);
INSERT INTO `tbl_kelurahan` VALUES (167, 9, 'Slatri', 52262);
INSERT INTO `tbl_kelurahan` VALUES (168, 9, 'Wlahar', 52262);
INSERT INTO `tbl_kelurahan` VALUES (169, 9, 'Poncol', 52262);
INSERT INTO `tbl_kelurahan` VALUES (170, 10, 'Babakan', 52255);
INSERT INTO `tbl_kelurahan` VALUES (171, 10, 'Blubuk', 52255);
INSERT INTO `tbl_kelurahan` VALUES (172, 10, 'Bojongsari', 52255);
INSERT INTO `tbl_kelurahan` VALUES (173, 10, 'Dukuhsalam', 52255);
INSERT INTO `tbl_kelurahan` VALUES (174, 10, 'Jati Sawit', 52255);
INSERT INTO `tbl_kelurahan` VALUES (175, 10, 'Kalibuntu', 52255);
INSERT INTO `tbl_kelurahan` VALUES (176, 10, 'Karangdempel', 52255);
INSERT INTO `tbl_kelurahan` VALUES (177, 10, 'Karangjunti', 52255);
INSERT INTO `tbl_kelurahan` VALUES (178, 10, 'Karangsambung', 52255);
INSERT INTO `tbl_kelurahan` VALUES (179, 10, 'Kecipir', 52255);
INSERT INTO `tbl_kelurahan` VALUES (180, 10, 'Kedungneng', 52255);
INSERT INTO `tbl_kelurahan` VALUES (181, 10, 'Limbangan', 52255);
INSERT INTO `tbl_kelurahan` VALUES (182, 10, 'Losari Kidul', 52255);
INSERT INTO `tbl_kelurahan` VALUES (183, 10, 'Losari Lor', 52255);
INSERT INTO `tbl_kelurahan` VALUES (184, 10, 'Negla', 52255);
INSERT INTO `tbl_kelurahan` VALUES (185, 10, 'Pekauman', 52255);
INSERT INTO `tbl_kelurahan` VALUES (186, 10, 'Pengabean', 52255);
INSERT INTO `tbl_kelurahan` VALUES (187, 10, 'Prapag Kidul', 52255);
INSERT INTO `tbl_kelurahan` VALUES (188, 10, 'Prapag Lor', 52255);
INSERT INTO `tbl_kelurahan` VALUES (189, 10, 'Radegan', 52255);
INSERT INTO `tbl_kelurahan` VALUES (190, 10, 'Randusari', 52255);
INSERT INTO `tbl_kelurahan` VALUES (191, 10, 'Rungkang', 52255);
INSERT INTO `tbl_kelurahan` VALUES (192, 11, 'Cilibur', 52276);
INSERT INTO `tbl_kelurahan` VALUES (193, 11, 'Cipetung', 52276);
INSERT INTO `tbl_kelurahan` VALUES (194, 11, 'Kedungoleng', 52276);
INSERT INTO `tbl_kelurahan` VALUES (195, 11, 'Kretek', 52276);
INSERT INTO `tbl_kelurahan` VALUES (196, 11, 'Pagojengan', 52276);
INSERT INTO `tbl_kelurahan` VALUES (197, 11, 'Paguyangan', 52276);
INSERT INTO `tbl_kelurahan` VALUES (198, 11, 'Pakujati', 52276);
INSERT INTO `tbl_kelurahan` VALUES (199, 11, 'Pandansari', 52276);
INSERT INTO `tbl_kelurahan` VALUES (200, 11, 'Ragatunjung', 52276);
INSERT INTO `tbl_kelurahan` VALUES (201, 11, 'Taraban', 52276);
INSERT INTO `tbl_kelurahan` VALUES (202, 11, 'Wanatirta', 52276);
INSERT INTO `tbl_kelurahan` VALUES (203, 11, 'Winduaji', 52276);
INSERT INTO `tbl_kelurahan` VALUES (204, 12, 'Banjaran', 52275);
INSERT INTO `tbl_kelurahan` VALUES (205, 12, 'Bentar', 52275);
INSERT INTO `tbl_kelurahan` VALUES (206, 12, 'Bentarsari', 52275);
INSERT INTO `tbl_kelurahan` VALUES (207, 12, 'Capar', 52275);
INSERT INTO `tbl_kelurahan` VALUES (208, 12, 'Ciputih', 52275);
INSERT INTO `tbl_kelurahan` VALUES (209, 12, 'Citimbang', 52275);
INSERT INTO `tbl_kelurahan` VALUES (210, 12, 'Gandoang', 52275);
INSERT INTO `tbl_kelurahan` VALUES (211, 12, 'Ganggawang', 52275);
INSERT INTO `tbl_kelurahan` VALUES (212, 12, 'Gunung Larang', 52275);
INSERT INTO `tbl_kelurahan` VALUES (213, 12, 'Gunung Sugih', 52275);
INSERT INTO `tbl_kelurahan` VALUES (214, 12, 'Gunung Tajem', 52275);
INSERT INTO `tbl_kelurahan` VALUES (215, 12, 'Indrajaya', 52275);
INSERT INTO `tbl_kelurahan` VALUES (216, 12, 'Kadumanis', 52275);
INSERT INTO `tbl_kelurahan` VALUES (217, 12, 'Pabuaran', 52275);
INSERT INTO `tbl_kelurahan` VALUES (218, 12, 'Pasir Panjang', 52275);
INSERT INTO `tbl_kelurahan` VALUES (219, 12, 'Salem', 52275);
INSERT INTO `tbl_kelurahan` VALUES (220, 12, 'Tembongraja', 52275);
INSERT INTO `tbl_kelurahan` VALUES (221, 12, 'Gunung Jaya', 52275);
INSERT INTO `tbl_kelurahan` VALUES (222, 12, 'Wanoja', 52275);
INSERT INTO `tbl_kelurahan` VALUES (223, 12, 'Windu Sakti', 52275);
INSERT INTO `tbl_kelurahan` VALUES (224, 12, 'Winduasri', 52275);
INSERT INTO `tbl_kelurahan` VALUES (225, 13, 'Batursari', 52272);
INSERT INTO `tbl_kelurahan` VALUES (226, 13, 'Benda', 52272);
INSERT INTO `tbl_kelurahan` VALUES (227, 13, 'Buniwah', 52272);
INSERT INTO `tbl_kelurahan` VALUES (228, 13, 'Dawuhan', 52272);
INSERT INTO `tbl_kelurahan` VALUES (229, 13, 'Igirklanceng', 52272);
INSERT INTO `tbl_kelurahan` VALUES (230, 13, 'Kaligiri', 52272);
INSERT INTO `tbl_kelurahan` VALUES (231, 13, 'Kaliloka', 52272);
INSERT INTO `tbl_kelurahan` VALUES (232, 13, 'Manggis', 52272);
INSERT INTO `tbl_kelurahan` VALUES (233, 13, 'Mendala', 52272);
INSERT INTO `tbl_kelurahan` VALUES (234, 13, 'Mlayang', 52272);
INSERT INTO `tbl_kelurahan` VALUES (235, 13, 'Plompong', 52272);
INSERT INTO `tbl_kelurahan` VALUES (236, 13, 'Sridadi', 52272);
INSERT INTO `tbl_kelurahan` VALUES (237, 13, 'Wanareja', 52272);
INSERT INTO `tbl_kelurahan` VALUES (238, 14, 'Cenang', 52266);
INSERT INTO `tbl_kelurahan` VALUES (239, 14, 'Dukuhmaja', 52266);
INSERT INTO `tbl_kelurahan` VALUES (240, 14, 'Gegerkunci', 52266);
INSERT INTO `tbl_kelurahan` VALUES (241, 14, 'Jatimakmur', 52266);
INSERT INTO `tbl_kelurahan` VALUES (242, 14, 'Jatirokeh', 52266);
INSERT INTO `tbl_kelurahan` VALUES (243, 14, 'Karangsembung', 52266);
INSERT INTO `tbl_kelurahan` VALUES (244, 14, 'Songgom', 52266);
INSERT INTO `tbl_kelurahan` VALUES (245, 14, 'Songgom Lor', 52266);
INSERT INTO `tbl_kelurahan` VALUES (246, 14, 'Wanacala', 52266);
INSERT INTO `tbl_kelurahan` VALUES (247, 14, 'Wanatawang', 52266);
INSERT INTO `tbl_kelurahan` VALUES (248, 15, 'Karangreja', 52254);
INSERT INTO `tbl_kelurahan` VALUES (249, 15, 'Kedawung', 52254);
INSERT INTO `tbl_kelurahan` VALUES (250, 15, 'Kemurang Kulon', 52254);
INSERT INTO `tbl_kelurahan` VALUES (251, 15, 'Kemurang Wetan', 52254);
INSERT INTO `tbl_kelurahan` VALUES (252, 15, 'Krakahan', 52254);
INSERT INTO `tbl_kelurahan` VALUES (253, 15, 'Kubangputat', 52254);
INSERT INTO `tbl_kelurahan` VALUES (254, 15, 'Lemah Abang', 52254);
INSERT INTO `tbl_kelurahan` VALUES (255, 15, 'Luwung Gede', 52254);
INSERT INTO `tbl_kelurahan` VALUES (256, 15, 'Luwungbata', 52254);
INSERT INTO `tbl_kelurahan` VALUES (257, 15, 'Mundu', 52254);
INSERT INTO `tbl_kelurahan` VALUES (258, 15, 'Pejagan', 52254);
INSERT INTO `tbl_kelurahan` VALUES (259, 15, 'Pengaradan', 52254);
INSERT INTO `tbl_kelurahan` VALUES (260, 15, 'Sarireja', 52254);
INSERT INTO `tbl_kelurahan` VALUES (261, 15, 'Sengon', 52254);
INSERT INTO `tbl_kelurahan` VALUES (262, 15, 'Sidakaton', 52254);
INSERT INTO `tbl_kelurahan` VALUES (263, 15, 'Tanjung', 52254);
INSERT INTO `tbl_kelurahan` VALUES (264, 15, 'Tegongan', 52254);
INSERT INTO `tbl_kelurahan` VALUES (265, 15, 'Tengguli', 52254);
INSERT INTO `tbl_kelurahan` VALUES (266, 16, 'Galuh Timur', 52271);
INSERT INTO `tbl_kelurahan` VALUES (267, 16, 'Kalijurang', 52271);
INSERT INTO `tbl_kelurahan` VALUES (268, 16, 'Karangjongkeng', 52271);
INSERT INTO `tbl_kelurahan` VALUES (269, 16, 'Kutamendala', 52271);
INSERT INTO `tbl_kelurahan` VALUES (270, 16, 'Kutayu', 52271);
INSERT INTO `tbl_kelurahan` VALUES (271, 16, 'Linggapura', 52271);
INSERT INTO `tbl_kelurahan` VALUES (272, 16, 'Negarayu', 52271);
INSERT INTO `tbl_kelurahan` VALUES (273, 16, 'Pepedan', 52271);
INSERT INTO `tbl_kelurahan` VALUES (274, 16, 'Purbayasa', 52271);
INSERT INTO `tbl_kelurahan` VALUES (275, 16, 'Purwodadi', 52271);
INSERT INTO `tbl_kelurahan` VALUES (276, 16, 'Rajawetan', 52271);
INSERT INTO `tbl_kelurahan` VALUES (277, 16, 'Tanggeran', 52271);
INSERT INTO `tbl_kelurahan` VALUES (278, 16, 'Tonjong', 52271);
INSERT INTO `tbl_kelurahan` VALUES (279, 16, 'Watujaya', 52271);
INSERT INTO `tbl_kelurahan` VALUES (280, 17, 'Pesantunan', 52221);
INSERT INTO `tbl_kelurahan` VALUES (281, 17, 'Pebatan', 52222);
INSERT INTO `tbl_kelurahan` VALUES (282, 17, 'Dukuhwringin', 52252);
INSERT INTO `tbl_kelurahan` VALUES (283, 17, 'DumelingGlonggong', 52252);
INSERT INTO `tbl_kelurahan` VALUES (284, 17, 'Jagalempeni', 52252);
INSERT INTO `tbl_kelurahan` VALUES (285, 17, 'Keboledan', 52252);
INSERT INTO `tbl_kelurahan` VALUES (286, 17, 'Kertabesuki', 52252);
INSERT INTO `tbl_kelurahan` VALUES (287, 17, 'Klampok', 52252);
INSERT INTO `tbl_kelurahan` VALUES (288, 17, 'Kupu', 52252);
INSERT INTO `tbl_kelurahan` VALUES (289, 17, 'Lengkong', 52252);
INSERT INTO `tbl_kelurahan` VALUES (290, 17, 'Sawojajar', 52252);
INSERT INTO `tbl_kelurahan` VALUES (291, 17, 'Siasem', 52252);
INSERT INTO `tbl_kelurahan` VALUES (292, 17, 'Sidamulya', 52252);
INSERT INTO `tbl_kelurahan` VALUES (293, 17, 'Sigentong', 52252);
INSERT INTO `tbl_kelurahan` VALUES (294, 17, 'Sisalam', 52252);
INSERT INTO `tbl_kelurahan` VALUES (295, 17, 'Siwungkuk', 52252);
INSERT INTO `tbl_kelurahan` VALUES (296, 17, 'Tanjungsari', 52252);
INSERT INTO `tbl_kelurahan` VALUES (297, 17, 'Tegalgandu', 52252);
INSERT INTO `tbl_kelurahan` VALUES (298, 17, 'Wanasari', 52252);

-- ----------------------------
-- Table structure for tbl_pengajuan
-- ----------------------------
DROP TABLE IF EXISTS `tbl_pengajuan`;
CREATE TABLE `tbl_pengajuan`  (
  `id` int(11) NOT NULL AUTO_INCREMENT,
  `id_user` int(11) NULL DEFAULT NULL,
  `id_jenis_lembaga` int(11) NULL DEFAULT NULL COMMENT '1. Ponpes; 2. MDTA; 3. TPQ;',
  `id_jenis_pengajuan` int(11) NULL DEFAULT NULL COMMENT '1: Baru; 2. Perpanjangan;',
  `nama_lembaga` varchar(100) CHARACTER SET utf8 COLLATE utf8_general_ci NULL DEFAULT NULL,
  `tahun_berdiri` int(5) NULL DEFAULT NULL,
  `nama_pimpinan` varchar(100) CHARACTER SET utf8 COLLATE utf8_general_ci NULL DEFAULT NULL,
  `hp` varchar(20) CHARACTER SET utf8 COLLATE utf8_general_ci NULL DEFAULT NULL,
  `nama_yayasan` varchar(100) CHARACTER SET utf8 COLLATE utf8_general_ci NULL DEFAULT NULL,
  `id_kecamatan` int(11) NULL DEFAULT NULL,
  `id_kelurahan` int(11) NULL DEFAULT NULL,
  `jalan_gang` varchar(100) CHARACTER SET utf8 COLLATE utf8_general_ci NULL DEFAULT NULL,
  `dukuh` varchar(100) CHARACTER SET utf8 COLLATE utf8_general_ci NULL DEFAULT NULL,
  `rt` int(3) NULL DEFAULT NULL,
  `rw` int(3) NULL DEFAULT NULL,
  `status` int(2) NULL DEFAULT 1 COMMENT '1. Belum lengkap; 2. Diajukan; 3. Ditolak; 4. Diterima',
  `keterangan` text CHARACTER SET utf8 COLLATE utf8_general_ci NULL,
  `tgl_pengajuan` timestamp(0) NULL DEFAULT CURRENT_TIMESTAMP,
  `bln_pengajuan` int(3) NULL DEFAULT 1,
  `thn_pengajuan` int(5) NULL DEFAULT 2020,
  `tgl_respon` timestamp(0) NULL DEFAULT CURRENT_TIMESTAMP,
  PRIMARY KEY (`id`) USING BTREE
) ENGINE = InnoDB AUTO_INCREMENT = 14 CHARACTER SET = utf8 COLLATE = utf8_general_ci ROW_FORMAT = Compact;

-- ----------------------------
-- Records of tbl_pengajuan
-- ----------------------------
INSERT INTO `tbl_pengajuan` VALUES (7, 7, 2, 1, 'Roudlotut Tholibin', NULL, NULL, NULL, NULL, NULL, NULL, NULL, NULL, NULL, NULL, 4, 'Foto bangunan tidak menampilkan bangunan', '2020-03-29 15:38:30', 3, 2020, '2020-04-07 02:20:06');
INSERT INTO `tbl_pengajuan` VALUES (8, 7, 3, 1, 'Al-Amin', NULL, NULL, NULL, NULL, NULL, NULL, NULL, NULL, NULL, NULL, 4, 'Silahkan datang ke kantor PD Pontren Brebes untuk mengambil SK Ijop dengan membawa Berkas Pengajuan yang telah diupload sebelumnya', '2020-03-29 15:38:30', 3, 2020, '2020-04-07 02:23:49');
INSERT INTO `tbl_pengajuan` VALUES (9, 7, 1, 1, 'Al-Hasaniyah', NULL, NULL, NULL, NULL, NULL, NULL, NULL, NULL, NULL, NULL, 4, 'Silahkan datang ke kantor PD Pontren Brebes untuk mengambil SK Ijop dengan membawa Berkas Pengajuan yang telah diupload sebelumnya', '2020-03-29 15:38:30', 4, 2020, '2020-04-07 02:32:15');
INSERT INTO `tbl_pengajuan` VALUES (10, 7, 1, 1, 'Al-Mustamidiyah', NULL, NULL, NULL, NULL, NULL, NULL, NULL, NULL, NULL, NULL, 4, '-', '2020-03-29 15:38:30', 4, 2020, '2020-03-29 15:38:30');
INSERT INTO `tbl_pengajuan` VALUES (11, 7, 3, 1, NULL, NULL, NULL, NULL, NULL, NULL, NULL, NULL, NULL, NULL, NULL, 4, 'Silahkan datang ke kantor PD Pontren Brebes untuk mengambil SK Ijop dengan membawa Berkas Pengajuan yang telah diupload sebelumnya', '2020-03-29 15:38:30', 4, 2020, '2020-04-07 02:14:50');
INSERT INTO `tbl_pengajuan` VALUES (12, 7, 3, 1, NULL, NULL, NULL, NULL, NULL, NULL, NULL, NULL, NULL, NULL, NULL, 4, '-', '2020-03-29 15:38:30', 4, 2020, '2020-03-29 15:38:30');
INSERT INTO `tbl_pengajuan` VALUES (13, 7, 2, 1, 'Al-Amin', 1998, 'Ahmad Falahudin', '0123456789', 'Al-Amin', 9, 164, 'Kedawon Utara', 'Kedawon', 5, 6, 1, '-', '2020-04-08 01:20:13', 4, 2020, '2020-04-08 00:58:19');

-- ----------------------------
-- Table structure for tbl_ref_berkas
-- ----------------------------
DROP TABLE IF EXISTS `tbl_ref_berkas`;
CREATE TABLE `tbl_ref_berkas`  (
  `id` int(11) NOT NULL AUTO_INCREMENT,
  `berkas` varchar(255) CHARACTER SET utf8 COLLATE utf8_general_ci NULL DEFAULT NULL,
  `file_ext` varchar(50) CHARACTER SET utf8 COLLATE utf8_general_ci NULL DEFAULT NULL,
  `file_1` varchar(50) CHARACTER SET utf8 COLLATE utf8_general_ci NULL DEFAULT '',
  `file_2` varchar(50) CHARACTER SET utf8 COLLATE utf8_general_ci NULL DEFAULT '',
  `file_3` varchar(50) CHARACTER SET utf8 COLLATE utf8_general_ci NULL DEFAULT '',
  PRIMARY KEY (`id`) USING BTREE
) ENGINE = InnoDB AUTO_INCREMENT = 21 CHARACTER SET = utf8 COLLATE = utf8_general_ci ROW_FORMAT = Compact;

-- ----------------------------
-- Records of tbl_ref_berkas
-- ----------------------------
INSERT INTO `tbl_ref_berkas` VALUES (1, 'Ijop Lama', 'jpg|jpeg|png', '', '', '');
INSERT INTO `tbl_ref_berkas` VALUES (2, 'Surat Permohonan', 'pdf', 'Ponpes_surat_permohonan.pdf', '', '');
INSERT INTO `tbl_ref_berkas` VALUES (3, 'Struktur Pengurus', 'pdf', '', '', '');
INSERT INTO `tbl_ref_berkas` VALUES (4, 'Emis Lembaga', 'xls|xlsx', 'Ponpes_emis_lembaga.xlsx', '', '');
INSERT INTO `tbl_ref_berkas` VALUES (5, 'Emis Kurikulum', 'xls|xlsx', '', '', '');
INSERT INTO `tbl_ref_berkas` VALUES (6, 'Emis PTK', 'xls|xlsx', '', '', '');
INSERT INTO `tbl_ref_berkas` VALUES (7, 'Emis Santri', 'xls|xlsx', '', '', '');
INSERT INTO `tbl_ref_berkas` VALUES (8, 'Surat Pernyataan NKRI', 'pdf', '', '', '');
INSERT INTO `tbl_ref_berkas` VALUES (9, 'Surat Keterangan Domisili', 'pdf', '', '', '');
INSERT INTO `tbl_ref_berkas` VALUES (10, 'Surat Rekomendasi FKPP FKDT / Badko Kecamatan', 'jpg|jpeg|png', '', '', '');
INSERT INTO `tbl_ref_berkas` VALUES (11, 'Surat Rekomendasi KUA', 'pdf', '', '', '');
INSERT INTO `tbl_ref_berkas` VALUES (12, 'Status Tanah', 'pdf', '', '', '');
INSERT INTO `tbl_ref_berkas` VALUES (13, 'NPWP', 'jpg|jpeg|png', '', '', '');
INSERT INTO `tbl_ref_berkas` VALUES (14, 'Akta Notaris Yayasan / Badan Hukum', 'pdf', '', '', '');
INSERT INTO `tbl_ref_berkas` VALUES (15, 'Foto Bangunan', 'jpg|jpeg|png', '', '', '');
INSERT INTO `tbl_ref_berkas` VALUES (16, 'Foto Asatidz', 'jpg|jpeg|png', '', '', '');
INSERT INTO `tbl_ref_berkas` VALUES (17, 'Foto Santri', 'jpg|jpeg|png', '', '', '');
INSERT INTO `tbl_ref_berkas` VALUES (18, 'Foto Kegiatan', 'jpg|jpeg|png', '', '', '');
INSERT INTO `tbl_ref_berkas` VALUES (19, 'No Rekening', 'jpg|jpeg|png', '', '', '');
INSERT INTO `tbl_ref_berkas` VALUES (20, 'Contoh', 'pdf', '', '', '');

-- ----------------------------
-- Table structure for tbl_syarat_berkas
-- ----------------------------
DROP TABLE IF EXISTS `tbl_syarat_berkas`;
CREATE TABLE `tbl_syarat_berkas`  (
  `id` int(11) NOT NULL AUTO_INCREMENT,
  `id_jenis_lembaga` int(1) NULL DEFAULT NULL COMMENT '1. Ponpes; 2. MDTA; 3. TPQ;',
  `id_jenis_pengajuan` int(1) NULL DEFAULT NULL COMMENT '1: Baru; 2. Perpanjangan;',
  `id_berkas` int(11) NULL DEFAULT 0,
  `disyaratkan` int(1) NULL DEFAULT 0,
  PRIMARY KEY (`id`) USING BTREE
) ENGINE = InnoDB AUTO_INCREMENT = 121 CHARACTER SET = utf8 COLLATE = utf8_general_ci ROW_FORMAT = Compact;

-- ----------------------------
-- Records of tbl_syarat_berkas
-- ----------------------------
INSERT INTO `tbl_syarat_berkas` VALUES (1, 1, 1, 1, 0);
INSERT INTO `tbl_syarat_berkas` VALUES (2, 1, 1, 2, 1);
INSERT INTO `tbl_syarat_berkas` VALUES (3, 1, 1, 3, 1);
INSERT INTO `tbl_syarat_berkas` VALUES (4, 1, 1, 4, 1);
INSERT INTO `tbl_syarat_berkas` VALUES (5, 1, 1, 5, 0);
INSERT INTO `tbl_syarat_berkas` VALUES (6, 1, 1, 6, 0);
INSERT INTO `tbl_syarat_berkas` VALUES (7, 1, 1, 7, 0);
INSERT INTO `tbl_syarat_berkas` VALUES (8, 1, 1, 8, 0);
INSERT INTO `tbl_syarat_berkas` VALUES (9, 1, 1, 9, 0);
INSERT INTO `tbl_syarat_berkas` VALUES (10, 1, 1, 10, 0);
INSERT INTO `tbl_syarat_berkas` VALUES (11, 1, 1, 11, 0);
INSERT INTO `tbl_syarat_berkas` VALUES (12, 1, 1, 12, 0);
INSERT INTO `tbl_syarat_berkas` VALUES (13, 1, 1, 13, 0);
INSERT INTO `tbl_syarat_berkas` VALUES (14, 1, 1, 14, 0);
INSERT INTO `tbl_syarat_berkas` VALUES (15, 1, 1, 15, 1);
INSERT INTO `tbl_syarat_berkas` VALUES (16, 1, 1, 16, 0);
INSERT INTO `tbl_syarat_berkas` VALUES (17, 1, 1, 17, 0);
INSERT INTO `tbl_syarat_berkas` VALUES (18, 1, 1, 18, 0);
INSERT INTO `tbl_syarat_berkas` VALUES (19, 1, 1, 19, 0);
INSERT INTO `tbl_syarat_berkas` VALUES (20, 1, 1, 20, 0);
INSERT INTO `tbl_syarat_berkas` VALUES (21, 1, 2, 1, 1);
INSERT INTO `tbl_syarat_berkas` VALUES (22, 1, 2, 2, 1);
INSERT INTO `tbl_syarat_berkas` VALUES (23, 1, 2, 3, 1);
INSERT INTO `tbl_syarat_berkas` VALUES (24, 1, 2, 4, 1);
INSERT INTO `tbl_syarat_berkas` VALUES (25, 1, 2, 5, 0);
INSERT INTO `tbl_syarat_berkas` VALUES (26, 1, 2, 6, 0);
INSERT INTO `tbl_syarat_berkas` VALUES (27, 1, 2, 7, 0);
INSERT INTO `tbl_syarat_berkas` VALUES (28, 1, 2, 8, 0);
INSERT INTO `tbl_syarat_berkas` VALUES (29, 1, 2, 9, 0);
INSERT INTO `tbl_syarat_berkas` VALUES (30, 1, 2, 10, 0);
INSERT INTO `tbl_syarat_berkas` VALUES (31, 1, 2, 11, 0);
INSERT INTO `tbl_syarat_berkas` VALUES (32, 1, 2, 12, 0);
INSERT INTO `tbl_syarat_berkas` VALUES (33, 1, 2, 13, 0);
INSERT INTO `tbl_syarat_berkas` VALUES (34, 1, 2, 14, 0);
INSERT INTO `tbl_syarat_berkas` VALUES (35, 1, 2, 15, 1);
INSERT INTO `tbl_syarat_berkas` VALUES (36, 1, 2, 16, 0);
INSERT INTO `tbl_syarat_berkas` VALUES (37, 1, 2, 17, 0);
INSERT INTO `tbl_syarat_berkas` VALUES (38, 1, 2, 18, 0);
INSERT INTO `tbl_syarat_berkas` VALUES (39, 1, 2, 19, 0);
INSERT INTO `tbl_syarat_berkas` VALUES (40, 1, 2, 20, 0);
INSERT INTO `tbl_syarat_berkas` VALUES (41, 2, 1, 1, 0);
INSERT INTO `tbl_syarat_berkas` VALUES (42, 2, 1, 2, 1);
INSERT INTO `tbl_syarat_berkas` VALUES (43, 2, 1, 3, 1);
INSERT INTO `tbl_syarat_berkas` VALUES (44, 2, 1, 4, 1);
INSERT INTO `tbl_syarat_berkas` VALUES (45, 2, 1, 5, 0);
INSERT INTO `tbl_syarat_berkas` VALUES (46, 2, 1, 6, 0);
INSERT INTO `tbl_syarat_berkas` VALUES (47, 2, 1, 7, 0);
INSERT INTO `tbl_syarat_berkas` VALUES (48, 2, 1, 8, 0);
INSERT INTO `tbl_syarat_berkas` VALUES (49, 2, 1, 9, 0);
INSERT INTO `tbl_syarat_berkas` VALUES (50, 2, 1, 10, 0);
INSERT INTO `tbl_syarat_berkas` VALUES (51, 2, 1, 11, 0);
INSERT INTO `tbl_syarat_berkas` VALUES (52, 2, 1, 12, 0);
INSERT INTO `tbl_syarat_berkas` VALUES (53, 2, 1, 13, 0);
INSERT INTO `tbl_syarat_berkas` VALUES (54, 2, 1, 14, 0);
INSERT INTO `tbl_syarat_berkas` VALUES (55, 2, 1, 15, 1);
INSERT INTO `tbl_syarat_berkas` VALUES (56, 2, 1, 16, 0);
INSERT INTO `tbl_syarat_berkas` VALUES (57, 2, 1, 17, 0);
INSERT INTO `tbl_syarat_berkas` VALUES (58, 2, 1, 18, 0);
INSERT INTO `tbl_syarat_berkas` VALUES (59, 2, 1, 19, 0);
INSERT INTO `tbl_syarat_berkas` VALUES (60, 2, 1, 20, 0);
INSERT INTO `tbl_syarat_berkas` VALUES (61, 2, 2, 1, 1);
INSERT INTO `tbl_syarat_berkas` VALUES (62, 2, 2, 2, 1);
INSERT INTO `tbl_syarat_berkas` VALUES (63, 2, 2, 3, 1);
INSERT INTO `tbl_syarat_berkas` VALUES (64, 2, 2, 4, 1);
INSERT INTO `tbl_syarat_berkas` VALUES (65, 2, 2, 5, 0);
INSERT INTO `tbl_syarat_berkas` VALUES (66, 2, 2, 6, 0);
INSERT INTO `tbl_syarat_berkas` VALUES (67, 2, 2, 7, 0);
INSERT INTO `tbl_syarat_berkas` VALUES (68, 2, 2, 8, 0);
INSERT INTO `tbl_syarat_berkas` VALUES (69, 2, 2, 9, 0);
INSERT INTO `tbl_syarat_berkas` VALUES (70, 2, 2, 10, 0);
INSERT INTO `tbl_syarat_berkas` VALUES (71, 2, 2, 11, 0);
INSERT INTO `tbl_syarat_berkas` VALUES (72, 2, 2, 12, 0);
INSERT INTO `tbl_syarat_berkas` VALUES (73, 2, 2, 13, 0);
INSERT INTO `tbl_syarat_berkas` VALUES (74, 2, 2, 14, 0);
INSERT INTO `tbl_syarat_berkas` VALUES (75, 2, 2, 15, 1);
INSERT INTO `tbl_syarat_berkas` VALUES (76, 2, 2, 16, 0);
INSERT INTO `tbl_syarat_berkas` VALUES (77, 2, 2, 17, 0);
INSERT INTO `tbl_syarat_berkas` VALUES (78, 2, 2, 18, 0);
INSERT INTO `tbl_syarat_berkas` VALUES (79, 2, 2, 19, 0);
INSERT INTO `tbl_syarat_berkas` VALUES (80, 2, 2, 20, 0);
INSERT INTO `tbl_syarat_berkas` VALUES (81, 3, 1, 1, 0);
INSERT INTO `tbl_syarat_berkas` VALUES (82, 3, 1, 2, 1);
INSERT INTO `tbl_syarat_berkas` VALUES (83, 3, 1, 3, 1);
INSERT INTO `tbl_syarat_berkas` VALUES (84, 3, 1, 4, 1);
INSERT INTO `tbl_syarat_berkas` VALUES (85, 3, 1, 5, 0);
INSERT INTO `tbl_syarat_berkas` VALUES (86, 3, 1, 6, 0);
INSERT INTO `tbl_syarat_berkas` VALUES (87, 3, 1, 7, 0);
INSERT INTO `tbl_syarat_berkas` VALUES (88, 3, 1, 8, 0);
INSERT INTO `tbl_syarat_berkas` VALUES (89, 3, 1, 9, 0);
INSERT INTO `tbl_syarat_berkas` VALUES (90, 3, 1, 10, 0);
INSERT INTO `tbl_syarat_berkas` VALUES (91, 3, 1, 11, 0);
INSERT INTO `tbl_syarat_berkas` VALUES (92, 3, 1, 12, 0);
INSERT INTO `tbl_syarat_berkas` VALUES (93, 3, 1, 13, 0);
INSERT INTO `tbl_syarat_berkas` VALUES (94, 3, 1, 14, 0);
INSERT INTO `tbl_syarat_berkas` VALUES (95, 3, 1, 15, 1);
INSERT INTO `tbl_syarat_berkas` VALUES (96, 3, 1, 16, 0);
INSERT INTO `tbl_syarat_berkas` VALUES (97, 3, 1, 17, 0);
INSERT INTO `tbl_syarat_berkas` VALUES (98, 3, 1, 18, 0);
INSERT INTO `tbl_syarat_berkas` VALUES (99, 3, 1, 19, 0);
INSERT INTO `tbl_syarat_berkas` VALUES (100, 3, 1, 20, 0);
INSERT INTO `tbl_syarat_berkas` VALUES (101, 3, 2, 1, 1);
INSERT INTO `tbl_syarat_berkas` VALUES (102, 3, 2, 2, 1);
INSERT INTO `tbl_syarat_berkas` VALUES (103, 3, 2, 3, 1);
INSERT INTO `tbl_syarat_berkas` VALUES (104, 3, 2, 4, 1);
INSERT INTO `tbl_syarat_berkas` VALUES (105, 3, 2, 5, 0);
INSERT INTO `tbl_syarat_berkas` VALUES (106, 3, 2, 6, 0);
INSERT INTO `tbl_syarat_berkas` VALUES (107, 3, 2, 7, 0);
INSERT INTO `tbl_syarat_berkas` VALUES (108, 3, 2, 8, 0);
INSERT INTO `tbl_syarat_berkas` VALUES (109, 3, 2, 9, 0);
INSERT INTO `tbl_syarat_berkas` VALUES (110, 3, 2, 10, 0);
INSERT INTO `tbl_syarat_berkas` VALUES (111, 3, 2, 11, 0);
INSERT INTO `tbl_syarat_berkas` VALUES (112, 3, 2, 12, 0);
INSERT INTO `tbl_syarat_berkas` VALUES (113, 3, 2, 13, 0);
INSERT INTO `tbl_syarat_berkas` VALUES (114, 3, 2, 14, 0);
INSERT INTO `tbl_syarat_berkas` VALUES (115, 3, 2, 15, 1);
INSERT INTO `tbl_syarat_berkas` VALUES (116, 3, 2, 16, 0);
INSERT INTO `tbl_syarat_berkas` VALUES (117, 3, 2, 17, 0);
INSERT INTO `tbl_syarat_berkas` VALUES (118, 3, 2, 18, 0);
INSERT INTO `tbl_syarat_berkas` VALUES (119, 3, 2, 19, 0);
INSERT INTO `tbl_syarat_berkas` VALUES (120, 3, 2, 20, 0);

-- ----------------------------
-- Table structure for tbl_upload_berkas
-- ----------------------------
DROP TABLE IF EXISTS `tbl_upload_berkas`;
CREATE TABLE `tbl_upload_berkas`  (
  `id` int(11) NOT NULL AUTO_INCREMENT,
  `id_pengajuan` int(11) NULL DEFAULT NULL,
  `id_berkas` int(11) NULL DEFAULT NULL,
  `file` varchar(255) CHARACTER SET utf8 COLLATE utf8_general_ci NULL DEFAULT '',
  PRIMARY KEY (`id`) USING BTREE
) ENGINE = InnoDB AUTO_INCREMENT = 8 CHARACTER SET = utf8 COLLATE = utf8_general_ci ROW_FORMAT = Compact;

-- ----------------------------
-- Records of tbl_upload_berkas
-- ----------------------------
INSERT INTO `tbl_upload_berkas` VALUES (1, 6, 1, '7-6-1.PNG');
INSERT INTO `tbl_upload_berkas` VALUES (2, 6, 2, '7-6-2.pdf');
INSERT INTO `tbl_upload_berkas` VALUES (4, 13, 2, '7-13-2.pdf');
INSERT INTO `tbl_upload_berkas` VALUES (5, 13, 3, '7-13-3.pdf');
INSERT INTO `tbl_upload_berkas` VALUES (6, 13, 4, '7-13-4.xlsx');
INSERT INTO `tbl_upload_berkas` VALUES (7, 13, 15, '7-13-15.jpg');

-- ----------------------------
-- Table structure for tbl_user
-- ----------------------------
DROP TABLE IF EXISTS `tbl_user`;
CREATE TABLE `tbl_user`  (
  `id` int(11) NOT NULL AUTO_INCREMENT,
  `nama` varchar(100) CHARACTER SET utf8 COLLATE utf8_general_ci NOT NULL,
  `email` varchar(100) CHARACTER SET utf8 COLLATE utf8_general_ci NOT NULL,
  `hp` varchar(100) CHARACTER SET utf8 COLLATE utf8_general_ci NOT NULL,
  `level` int(2) NULL DEFAULT 2,
  `locked` int(1) NULL DEFAULT 0,
  `last_login` datetime(0) NULL DEFAULT NULL,
  `created` timestamp(0) NULL DEFAULT CURRENT_TIMESTAMP,
  `updated` timestamp(0) NULL DEFAULT CURRENT_TIMESTAMP ON UPDATE CURRENT_TIMESTAMP(0),
  PRIMARY KEY (`id`) USING BTREE,
  UNIQUE INDEX `idx_email`(`email`) USING BTREE,
  UNIQUE INDEX `idx_hp`(`hp`) USING BTREE
) ENGINE = InnoDB AUTO_INCREMENT = 10 CHARACTER SET = utf8 COLLATE = utf8_general_ci ROW_FORMAT = Compact;

-- ----------------------------
-- Records of tbl_user
-- ----------------------------
INSERT INTO `tbl_user` VALUES (1, 'M. Toha', 'tohakepriben@gmail.com', '089670581924', 1, 0, '2020-04-08 01:05:03', '2020-03-24 22:18:31', '2020-04-08 01:05:03');
INSERT INTO `tbl_user` VALUES (6, 'Pengguna baru', 'jhghjkgbj@gmail.com', '123456789123', 2, 0, '2020-03-29 14:08:51', '2020-03-24 23:08:36', '2020-03-29 14:21:23');
INSERT INTO `tbl_user` VALUES (7, 'Amirudin', 'amir@gmail.com', '01234567890', 2, 0, '2020-04-08 00:57:52', '2020-03-26 10:33:44', '2020-04-08 00:57:52');
INSERT INTO `tbl_user` VALUES (8, 'Salwa Faradisa', 'salwa@gmail.com', '099999999999', 2, 0, NULL, '2020-03-26 11:26:06', '2020-03-30 22:19:50');
INSERT INTO `tbl_user` VALUES (9, 'Percobaan', 'user@gmail.com', '012345678901', 2, 0, '2020-03-28 18:48:15', '2020-03-28 18:47:45', '2020-03-29 15:12:52');

-- ----------------------------
-- Function structure for nm_bulan
-- ----------------------------
DROP FUNCTION IF EXISTS `nm_bulan`;
delimiter ;;
CREATE FUNCTION `nm_bulan`(i INT(2))
 RETURNS varchar(128) CHARSET latin1
  DETERMINISTIC
BEGIN 
  DECLARE s VARCHAR(128); 
	CASE i
	WHEN 1 THEN
		SET s = 'Januari';
	WHEN 2 THEN
		SET s = 'Februari';
	WHEN 3 THEN
		SET s = 'Maret';
	WHEN 4 THEN
		SET s = 'April';
	WHEN 5 THEN
		SET s = 'Mei';
	WHEN 6 THEN
		SET s = 'Juni';
	WHEN 7 THEN
		SET s = 'Juli';
	WHEN 8 THEN
		SET s = 'Agustus';
	WHEN 9 THEN
		SET s = 'September';
	WHEN 10 THEN
		SET s = 'Oktober';
	WHEN 11 THEN
		SET s = 'November';
	WHEN 12 THEN
		SET s = 'Desember';
	ELSE
		SET s = 'Januari';
	END CASE;

  RETURN s; 
END
;;
delimiter ;

SET FOREIGN_KEY_CHECKS = 1;
